id	cluster_size
NC_000913.3_1428	2
NC_000913.3_896	1
NC_000913.3_1951	1
NC_000913.3_1242	1
NC_000913.3_4202	1
NC_000913.3_1381	2
NC_000913.3_2080	1
NC_000913.3_465	1
NC_000913.3_1200	1
NC_000913.3_3499	2
NC_000913.3_607	1
NC_000913.3_3294	1
NC_000913.3_680	1
NC_000913.3_3869	1
NC_000913.3_1040	1
NC_000913.3_2775	1
NC_000913.3_2737	2
NC_000913.3_3925	1
NC_000913.3_54	1
NC_000913.3_246	1
NC_000913.3_2625	1
NC_000913.3_325	1
NC_000913.3_70	1
NC_000913.3_4311	1
NC_000913.3_1065	1
NC_000913.3_3711	1
NC_000913.3_3610	1
NC_000913.3_3143	1
NC_000913.3_3000	1
NC_000913.3_2510	1
NC_000913.3_1792	1
NC_000913.3_1254	1
NC_000913.3_3883	1
NC_000913.3_3478	2
NC_000913.3_3048	1
NC_000913.3_2431	1
NC_000913.3_2774	1
NC_000913.3_3573	1
NC_000913.3_2469	1
NC_000913.3_2632	1
NC_000913.3_3678	1
NC_000913.3_4089	1
NC_000913.3_636	1
NC_000913.3_2859	8
NC_000913.3_4039	2
NC_000913.3_3393	1
NC_000913.3_1226	1
NC_000913.3_4124	1
NC_000913.3_3594	1
NC_000913.3_1091	1
NC_000913.3_2467	1
NC_000913.3_3418	1
NC_000913.3_926	1
NC_000913.3_532	1
NC_000913.3_1774	1
NC_000913.3_3172	8
NC_000913.3_1298	1
NC_000913.3_1190	1
NC_000913.3_2057	1
NC_000913.3_3635	1
NC_000913.3_725	1
NC_000913.3_1377	1
NC_000913.3_913	1
NC_000913.3_4008	1
NC_000913.3_2522	1
NC_000913.3_2678	1
NC_000913.3_1454	3
NC_000913.3_1184	1
NC_000913.3_106	1
NC_000913.3_3310	5
NC_000913.3_2807	1
NC_000913.3_3519	1
NC_000913.3_571	7
NC_000913.3_690	1
NC_000913.3_2560	1
NC_000913.3_1726	1
NC_000913.3_3050	1
NC_000913.3_4006	1
NC_000913.3_105	1
NC_000913.3_458	1
NC_000913.3_1972	1
NC_000913.3_2924	1
NC_000913.3_2786	2
NC_000913.3_3424	1
NC_000913.3_2208	1
NC_000913.3_2483	4
NC_000913.3_1223	1
NC_000913.3_1417	1
NC_000913.3_2262	1
NC_000913.3_289	1
NC_000913.3_65	1
NC_000913.3_2407	1
NC_000913.3_1125	1
NC_000913.3_1171	1
NC_000913.3_2635	2
NC_000913.3_1733	1
NC_000913.3_2628	2
NC_000913.3_1796	1
NC_000913.3_1099	1
NC_000913.3_2023	1
NC_000913.3_1728	1
NC_000913.3_3069	1
NC_000913.3_3928	1
NC_000913.3_3160	1
NC_000913.3_2896	1
NC_000913.3_1673	2
NC_000913.3_4275	1
NC_000913.3_1524	1
NC_000913.3_2458	1
NC_000913.3_473	1
NC_000913.3_214	1
NC_000913.3_3419	1
NC_000913.3_574	1
NC_000913.3_3466	2
NC_000913.3_3551	1
NC_000913.3_130	4
NC_000913.3_2842	1
NC_000913.3_1234	1
NC_000913.3_1265	1
NC_000913.3_4226	1
NC_000913.3_1609	1
NC_000913.3_773	1
NC_000913.3_3535	1
NC_000913.3_505	1
NC_000913.3_1570	1
NC_000913.3_383	1
NC_000913.3_2698	1
NC_000913.3_79	1
NC_000913.3_145	1
NC_000913.3_3179	1
NC_000913.3_3334	1
NC_000913.3_1398	3
NC_000913.3_41	2
NC_000913.3_2596	3
NC_000913.3_1548	1
NC_000913.3_1888	1
NC_000913.3_874	2
NC_000913.3_1473	1
NC_000913.3_4109	1
NC_000913.3_167	1
NC_000913.3_933	1
NC_000913.3_1550	3
NC_000913.3_1561	1
NC_000913.3_3574	1
NC_000913.3_3477	1
NC_000913.3_3283	2
NC_000913.3_2042	2
NC_000913.3_1572	2
NC_000913.3_422	1
NC_000913.3_1348	1
NC_000913.3_3186	1
NC_000913.3_4158	1
NC_000913.3_2647	1
NC_000913.3_1145	1
NC_000913.3_3947	1
NC_000913.3_1665	1
NC_000913.3_914	1
NC_000913.3_1023	1
NC_000913.3_2658	1
NC_000913.3_771	1
NC_000913.3_2593	1
NC_000913.3_47	1
NC_000913.3_836	1
NC_000913.3_127	1
NC_000913.3_2284	1
NC_000913.3_2432	1
NC_000913.3_3413	1
NC_000913.3_2721	1
NC_000913.3_2072	1
NC_000913.3_2573	1
NC_000913.3_791	1
NC_000913.3_3276	1
NC_000913.3_2199	1
NC_000913.3_266	1
NC_000913.3_1358	1
NC_000913.3_4160	1
NC_000913.3_2220	1
NC_000913.3_1152	1
NC_000913.3_2004	1
NC_000913.3_4114	1
NC_000913.3_4255	1
NC_000913.3_66	1
NC_000913.3_2752	1
NC_000913.3_3701	1
NC_000913.3_3565	1
NC_000913.3_3683	1
NC_000913.3_2971	1
NC_000913.3_1401	1
NC_000913.3_2254	1
NC_000913.3_3367	2
NC_000913.3_2584	1
NC_000913.3_968	1
NC_000913.3_2394	1
NC_000913.3_689	1
NC_000913.3_208	1
NC_000913.3_681	1
NC_000913.3_3241	1
NC_000913.3_1530	1
NC_000913.3_159	1
NC_000913.3_804	1
NC_000913.3_219	1
NC_000913.3_1260	1
NC_000913.3_1412	1
NC_000913.3_2529	1
NC_000913.3_3692	1
NC_000913.3_3712	1
NC_000913.3_1286	2
NC_000913.3_1990	1
NC_000913.3_3039	1
NC_000913.3_4309	2
NC_000913.3_349	1
NC_000913.3_2869	1
NC_000913.3_3826	1
NC_000913.3_600	1
NC_000913.3_1579	1
NC_000913.3_4155	1
NC_000913.3_1060	1
NC_000913.3_4148	2
NC_000913.3_3267	1
NC_000913.3_3501	2
NC_000913.3_4030	1
NC_000913.3_949	1
NC_000913.3_3304	1
NC_000913.3_2060	1
NC_000913.3_3297	1
NC_000913.3_3961	1
NC_000913.3_2969	1
NC_000913.3_3219	1
NC_000913.3_187	1
NC_000913.3_2675	1
NC_000913.3_556	1
NC_000913.3_645	1
NC_000913.3_881	1
NC_000913.3_2152	1
NC_000913.3_3349	1
NC_000913.3_1632	6
NC_000913.3_3655	1
NC_000913.3_2210	1
NC_000913.3_2277	1
NC_000913.3_4041	1
NC_000913.3_380	1
NC_000913.3_3159	1
NC_000913.3_731	2
NC_000913.3_1640	1
NC_000913.3_3620	1
NC_000913.3_3941	1
NC_000913.3_1742	1
NC_000913.3_856	1
NC_000913.3_1496	2
NC_000913.3_306	1
NC_000913.3_2038	1
NC_000913.3_2517	1
NC_000913.3_1881	1
NC_000913.3_3891	1
NC_000913.3_2127	1
NC_000913.3_1864	3
NC_000913.3_884	1
NC_000913.3_2659	1
NC_000913.3_2740	1
NC_000913.3_2975	1
NC_000913.3_469	2
NC_000913.3_3481	1
NC_000913.3_851	1
NC_000913.3_1087	3
NC_000913.3_3126	1
NC_000913.3_2203	1
NC_000913.3_1651	1
NC_000913.3_2252	1
NC_000913.3_2249	1
NC_000913.3_2575	1
NC_000913.3_1950	2
NC_000913.3_1021	4
NC_000913.3_3426	1
NC_000913.3_2950	1
NC_000913.3_1403	1
NC_000913.3_3722	1
NC_000913.3_108	1
NC_000913.3_998	1
NC_000913.3_3576	1
NC_000913.3_1416	1
NC_000913.3_2690	1
NC_000913.3_4091	1
NC_000913.3_1810	1
NC_000913.3_3403	1
NC_000913.3_3876	1
NC_000913.3_2322	1
NC_000913.3_3275	1
NC_000913.3_2663	1
NC_000913.3_1811	1
NC_000913.3_4025	4
NC_000913.3_3808	1
NC_000913.3_1370	1
NC_000913.3_3562	1
NC_000913.3_2377	1
NC_000913.3_278	1
NC_000913.3_336	1
NC_000913.3_875	2
NC_000913.3_3554	1
NC_000913.3_1824	1
NC_000913.3_2305	1
NC_000913.3_3212	1
NC_000913.3_498	1
NC_000913.3_843	1
NC_000913.3_1943	1
NC_000913.3_2758	2
NC_000913.3_1936	5
NC_000913.3_4150	2
NC_000913.3_2278	1
NC_000913.3_2507	1
NC_000913.3_1039	1
NC_000913.3_2253	1
NC_000913.3_2830	1
NC_000913.3_1634	1
NC_000913.3_844	1
NC_000913.3_1853	1
NC_000913.3_27	1
NC_000913.3_9	1
NC_000913.3_615	1
NC_000913.3_182	1
NC_000913.3_3057	1
NC_000913.3_4001	1
NC_000913.3_3350	1
NC_000913.3_463	1
NC_000913.3_3515	1
NC_000913.3_2446	1
NC_000913.3_3095	1
NC_000913.3_3726	1
NC_000913.3_2970	1
NC_000913.3_2406	1
NC_000913.3_872	1
NC_000913.3_603	1
NC_000913.3_2171	1
NC_000913.3_2302	1
NC_000913.3_880	1
NC_000913.3_3523	2
NC_000913.3_3917	1
NC_000913.3_2323	1
NC_000913.3_320	1
NC_000913.3_2641	1
NC_000913.3_3890	1
NC_000913.3_389	1
NC_000913.3_3217	1
NC_000913.3_1421	1
NC_000913.3_2255	1
NC_000913.3_2239	2
NC_000913.3_871	1
NC_000913.3_2167	1
NC_000913.3_2508	1
NC_000913.3_1759	1
NC_000913.3_3462	1
NC_000913.3_3812	1
NC_000913.3_3464	1
NC_000913.3_1903	2
NC_000913.3_2550	1
NC_000913.3_1638	1
NC_000913.3_1687	1
NC_000913.3_3670	1
NC_000913.3_1101	1
NC_000913.3_489	1
NC_000913.3_782	1
NC_000913.3_1394	2
NC_000913.3_1130	1
NC_000913.3_3811	1
NC_000913.3_3525	1
NC_000913.3_1410	1
NC_000913.3_3673	1
NC_000913.3_1504	2
NC_000913.3_3649	2
NC_000913.3_1154	1
NC_000913.3_1450	1
NC_000913.3_2105	1
NC_000913.3_2231	1
NC_000913.3_2075	1
NC_000913.3_1446	1
NC_000913.3_1827	1
NC_000913.3_2464	1
NC_000913.3_1849	6
NC_000913.3_4261	1
NC_000913.3_83	1
NC_000913.3_3364	1
NC_000913.3_4178	1
NC_000913.3_4079	1
NC_000913.3_3583	1
NC_000913.3_3174	1
NC_000913.3_2988	1
NC_000913.3_198	1
NC_000913.3_1650	1
NC_000913.3_4093	1
NC_000913.3_2178	1
NC_000913.3_1669	1
NC_000913.3_916	1
NC_000913.3_3580	1
NC_000913.3_3959	1
NC_000913.3_1128	1
NC_000913.3_1926	1
NC_000913.3_2230	1
NC_000913.3_3482	1
NC_000913.3_1765	1
NC_000913.3_2282	1
NC_000913.3_2160	1
NC_000913.3_837	1
NC_000913.3_2990	1
NC_000913.3_439	1
NC_000913.3_291	2
NC_000913.3_2414	1
NC_000913.3_2345	1
NC_000913.3_4200	1
NC_000913.3_1278	1
NC_000913.3_4052	1
NC_000913.3_275	1
NC_000913.3_98	1
NC_000913.3_1402	8
NC_000913.3_3845	1
NC_000913.3_4106	1
NC_000913.3_3084	1
NC_000913.3_3004	1
NC_000913.3_2143	1
NC_000913.3_2264	1
NC_000913.3_3894	1
NC_000913.3_2002	1
NC_000913.3_202	1
NC_000913.3_1195	1
NC_000913.3_3729	1
NC_000913.3_1882	1
NC_000913.3_2559	1
NC_000913.3_502	1
NC_000913.3_4216	1
NC_000913.3_334	1
NC_000913.3_1224	1
NC_000913.3_2390	1
NC_000913.3_1923	1
NC_000913.3_3650	1
NC_000913.3_3866	3
NC_000913.3_1793	2
NC_000913.3_314	1
NC_000913.3_3832	1
NC_000913.3_3909	1
NC_000913.3_3521	1
NC_000913.3_2691	1
NC_000913.3_544	1
NC_000913.3_3879	1
NC_000913.3_454	1
NC_000913.3_384	1
NC_000913.3_3130	1
NC_000913.3_3214	1
NC_000913.3_2829	1
NC_000913.3_2350	1
NC_000913.3_3312	1
NC_000913.3_26	1
NC_000913.3_4085	1
NC_000913.3_2916	1
NC_000913.3_3319	1
NC_000913.3_351	1
NC_000913.3_2695	1
NC_000913.3_1761	1
NC_000913.3_1156	1
NC_000913.3_3090	3
NC_000913.3_1209	1
NC_000913.3_1506	1
NC_000913.3_2715	1
NC_000913.3_3056	1
NC_000913.3_279	1
NC_000913.3_227	1
NC_000913.3_3455	1
NC_000913.3_4268	1
NC_000913.3_2209	1
NC_000913.3_338	1
NC_000913.3_74	2
NC_000913.3_2947	1
NC_000913.3_3877	1
NC_000913.3_798	1
NC_000913.3_1812	1
NC_000913.3_3416	1
NC_000913.3_1499	1
NC_000913.3_1146	1
NC_000913.3_3825	1
NC_000913.3_494	1
NC_000913.3_2417	1
NC_000913.3_671	1
NC_000913.3_3409	1
NC_000913.3_3773	1
NC_000913.3_3074	1
NC_000913.3_3916	1
NC_000913.3_1465	1
NC_000913.3_12	1
NC_000913.3_2267	1
NC_000913.3_4273	1
NC_000913.3_218	1
NC_000913.3_3070	1
NC_000913.3_455	1
NC_000913.3_1740	1
NC_000913.3_3675	1
NC_000913.3_31	1
NC_000913.3_211	1
NC_000913.3_2048	2
NC_000913.3_2516	1
NC_000913.3_144	1
NC_000913.3_3203	1
NC_000913.3_3094	1
NC_000913.3_1235	1
NC_000913.3_3133	1
NC_000913.3_2288	1
NC_000913.3_1186	1
NC_000913.3_2016	1
NC_000913.3_2776	1
NC_000913.3_1247	1
NC_000913.3_1124	1
NC_000913.3_2653	1
NC_000913.3_3510	2
NC_000913.3_3366	1
NC_000913.3_1212	1
NC_000913.3_806	1
NC_000913.3_3631	1
NC_000913.3_1106	1
NC_000913.3_3893	1
NC_000913.3_1542	7
NC_000913.3_142	1
NC_000913.3_2115	1
NC_000913.3_3092	1
NC_000913.3_2908	1
NC_000913.3_3204	1
NC_000913.3_2792	1
NC_000913.3_1891	1
NC_000913.3_3976	8
NC_000913.3_4233	1
NC_000913.3_3785	2
NC_000913.3_3542	1
NC_000913.3_2161	1
NC_000913.3_3949	1
NC_000913.3_1763	2
NC_000913.3_1885	1
NC_000913.3_533	1
NC_000913.3_243	4
NC_000913.3_474	2
NC_000913.3_1624	1
NC_000913.3_2079	1
NC_000913.3_2937	1
NC_000913.3_3698	1
NC_000913.3_2170	1
NC_000913.3_935	1
NC_000913.3_3986	1
NC_000913.3_207	1
NC_000913.3_835	1
NC_000913.3_1743	1
NC_000913.3_2183	1
NC_000913.3_2583	3
NC_000913.3_4033	1
NC_000913.3_486	1
NC_000913.3_2813	1
NC_000913.3_3177	1
NC_000913.3_1114	2
NC_000913.3_332	1
NC_000913.3_307	1
NC_000913.3_206	1
NC_000913.3_2198	1
NC_000913.3_3162	1
NC_000913.3_39	1
NC_000913.3_304	1
NC_000913.3_1197	1
NC_000913.3_1934	1
NC_000913.3_1486	1
NC_000913.3_3489	1
NC_000913.3_841	1
NC_000913.3_519	1
NC_000913.3_2047	1
NC_000913.3_1006	1
NC_000913.3_3585	1
NC_000913.3_3131	1
NC_000913.3_937	1
NC_000913.3_3088	1
NC_000913.3_3494	1
NC_000913.3_3637	1
NC_000913.3_3956	1
NC_000913.3_1118	1
NC_000913.3_433	1
NC_000913.3_3329	1
NC_000913.3_3694	1
NC_000913.3_193	1
NC_000913.3_3122	1
NC_000913.3_3178	1
NC_000913.3_2279	1
NC_000913.3_3026	1
NC_000913.3_4186	1
NC_000913.3_559	1
NC_000913.3_2455	1
NC_000913.3_705	1
NC_000913.3_2818	1
NC_000913.3_4209	1
NC_000913.3_1949	1
NC_000913.3_3271	1
NC_000913.3_2941	1
NC_000913.3_6	1
NC_000913.3_1547	1
NC_000913.3_2274	1
NC_000913.3_1739	1
NC_000913.3_3044	1
NC_000913.3_3441	1
NC_000913.3_3780	11
NC_000913.3_1011	1
NC_000913.3_1240	1
NC_000913.3_2468	1
NC_000913.3_4044	1
NC_000913.3_2163	1
NC_000913.3_865	1
NC_000913.3_2730	1
NC_000913.3_631	1
NC_000913.3_3720	1
NC_000913.3_2723	3
NC_000913.3_2736	1
NC_000913.3_1564	1
NC_000913.3_3458	1
NC_000913.3_2872	1
NC_000913.3_1453	1
NC_000913.3_1488	1
NC_000913.3_1120	1
NC_000913.3_133	1
NC_000913.3_3078	1
NC_000913.3_493	1
NC_000913.3_452	1
NC_000913.3_99	1
NC_000913.3_954	1
NC_000913.3_2493	1
NC_000913.3_3803	1
NC_000913.3_430	1
NC_000913.3_2764	1
NC_000913.3_2216	1
NC_000913.3_1569	1
NC_000913.3_984	1
NC_000913.3_1798	1
NC_000913.3_4303	1
NC_000913.3_807	1
NC_000913.3_487	1
NC_000913.3_503	1
NC_000913.3_1860	1
NC_000913.3_1940	1
NC_000913.3_2378	1
NC_000913.3_1419	1
NC_000913.3_3230	1
NC_000913.3_241	1
NC_000913.3_445	1
NC_000913.3_5	6
NC_000913.3_2259	1
NC_000913.3_3422	2
NC_000913.3_2610	1
NC_000913.3_3721	1
NC_000913.3_1044	1
NC_000913.3_1013	1
NC_000913.3_3380	1
NC_000913.3_925	1
NC_000913.3_256	1
NC_000913.3_736	1
NC_000913.3_4009	1
NC_000913.3_347	1
NC_000913.3_450	1
NC_000913.3_1043	2
NC_000913.3_2885	1
NC_000913.3_3071	1
NC_000913.3_2424	1
NC_000913.3_1750	25
NC_000913.3_3833	1
NC_000913.3_1935	1
NC_000913.3_2185	1
NC_000913.3_1014	1
NC_000913.3_3348	1
NC_000913.3_2150	1
NC_000913.3_43	2
NC_000913.3_686	1
NC_000913.3_1921	2
NC_000913.3_2613	1
NC_000913.3_3030	1
NC_000913.3_3760	1
NC_000913.3_166	1
NC_000913.3_629	1
NC_000913.3_3733	1
NC_000913.3_1710	2
NC_000913.3_4222	1
NC_000913.3_1799	1
NC_000913.3_4183	1
NC_000913.3_3008	1
NC_000913.3_4302	1
NC_000913.3_235	1
NC_000913.3_829	1
NC_000913.3_1964	1
NC_000913.3_302	1
NC_000913.3_2982	1
NC_000913.3_2196	1
NC_000913.3_437	1
NC_000913.3_3459	1
NC_000913.3_1158	1
NC_000913.3_3139	1
NC_000913.3_4078	1
NC_000913.3_940	1
NC_000913.3_3028	1
NC_000913.3_3395	1
NC_000913.3_1191	2
NC_000913.3_2354	2
NC_000913.3_3453	1
NC_000913.3_424	1
NC_000913.3_1554	1
NC_000913.3_2500	1
NC_000913.3_1295	1
NC_000913.3_1288	1
NC_000913.3_1353	1
NC_000913.3_301	1
NC_000913.3_3344	3
NC_000913.3_1196	1
NC_000913.3_1850	1
NC_000913.3_1997	1
NC_000913.3_4029	1
NC_000913.3_4126	1
NC_000913.3_1713	1
NC_000913.3_1072	1
NC_000913.3_318	1
NC_000913.3_3138	1
NC_000913.3_131	1
NC_000913.3_2474	1
NC_000913.3_1406	1
NC_000913.3_2642	1
NC_000913.3_117	1
NC_000913.3_3933	1
NC_000913.3_2855	1
NC_000913.3_783	1
NC_000913.3_1580	2
NC_000913.3_3407	1
NC_000913.3_2753	1
NC_000913.3_4056	2
NC_000913.3_3066	1
NC_000913.3_4225	1
NC_000913.3_659	1
NC_000913.3_258	1
NC_000913.3_4231	1
NC_000913.3_2433	1
NC_000913.3_956	1
NC_000913.3_3346	2
NC_000913.3_212	1
NC_000913.3_3818	1
NC_000913.3_2137	2
NC_000913.3_2554	1
NC_000913.3_3560	1
NC_000913.3_2270	1
NC_000913.3_3854	1
NC_000913.3_2619	1
NC_000913.3_3144	1
NC_000913.3_2514	1
NC_000913.3_359	1
NC_000913.3_1495	1
NC_000913.3_704	1
NC_000913.3_647	1
NC_000913.3_716	1
NC_000913.3_637	1
NC_000913.3_1025	1
NC_000913.3_1439	1
NC_000913.3_3238	1
NC_000913.3_3461	1
NC_000913.3_3688	12
NC_000913.3_4035	1
NC_000913.3_1431	1
NC_000913.3_371	1
NC_000913.3_3449	1
NC_000913.3_4166	4
NC_000913.3_1994	1
NC_000913.3_1475	1
NC_000913.3_3913	1
NC_000913.3_1275	1
NC_000913.3_2025	1
NC_000913.3_3639	1
NC_000913.3_2039	1
NC_000913.3_1318	1
NC_000913.3_915	1
NC_000913.3_972	1
NC_000913.3_1133	1
NC_000913.3_48	1
NC_000913.3_184	2
NC_000913.3_1483	1
NC_000913.3_978	1
NC_000913.3_3598	1
NC_000913.3_832	1
NC_000913.3_1854	1
NC_000913.3_2381	1
NC_000913.3_4197	1
NC_000913.3_4167	1
NC_000913.3_297	1
NC_000913.3_997	2
NC_000913.3_1525	1
NC_000913.3_2738	2
NC_000913.3_899	1
NC_000913.3_1112	1
NC_000913.3_1222	6
NC_000913.3_2960	1
NC_000913.3_2870	1
NC_000913.3_71	1
NC_000913.3_33	1
NC_000913.3_3495	3
NC_000913.3_1395	1
NC_000913.3_333	1
NC_000913.3_581	1
NC_000913.3_797	1
NC_000913.3_3469	2
NC_000913.3_2600	1
NC_000913.3_3545	1
NC_000913.3_4164	1
NC_000913.3_2388	1
NC_000913.3_1252	1
NC_000913.3_3082	1
NC_000913.3_128	1
NC_000913.3_2280	1
NC_000913.3_3929	1
NC_000913.3_3738	1
NC_000913.3_4034	1
NC_000913.3_1987	1
NC_000913.3_1908	11
NC_000913.3_582	1
NC_000913.3_4213	1
NC_000913.3_2917	1
NC_000913.3_776	1
NC_000913.3_4211	1
NC_000913.3_1846	1
NC_000913.3_102	1
NC_000913.3_1806	1
NC_000913.3_3194	1
NC_000913.3_1074	1
NC_000913.3_4104	2
NC_000913.3_2656	1
NC_000913.3_692	1
NC_000913.3_2272	1
NC_000913.3_2892	1
NC_000913.3_3970	2
NC_000913.3_1228	1
NC_000913.3_1627	1
NC_000913.3_4284	1
NC_000913.3_2215	1
NC_000913.3_808	1
NC_000913.3_472	2
NC_000913.3_790	1
NC_000913.3_826	1
NC_000913.3_2144	2
NC_000913.3_3746	1
NC_000913.3_11	1
NC_000913.3_2238	1
NC_000913.3_2244	1
NC_000913.3_2819	1
NC_000913.3_2081	1
NC_000913.3_2557	2
NC_000913.3_2091	1
NC_000913.3_3228	8
NC_000913.3_4236	3
NC_000913.3_1681	1
NC_000913.3_2051	1
NC_000913.3_2810	1
NC_000913.3_3597	2
NC_000913.3_1907	1
NC_000913.3_3417	1
NC_000913.3_4271	2
NC_000913.3_2124	1
NC_000913.3_1501	1
NC_000913.3_2046	1
NC_000913.3_447	1
NC_000913.3_1802	1
NC_000913.3_1635	1
NC_000913.3_4107	1
NC_000913.3_3034	1
NC_000913.3_3079	1
NC_000913.3_2732	2
NC_000913.3_3526	1
NC_000913.3_3288	1
NC_000913.3_3181	1
NC_000913.3_2496	1
NC_000913.3_2733	1
NC_000913.3_523	1
NC_000913.3_1382	1
NC_000913.3_3506	1
NC_000913.3_1289	1
NC_000913.3_2260	1
NC_000913.3_3681	1
NC_000913.3_4278	1
NC_000913.3_2705	3
NC_000913.3_4319	1
NC_000913.3_1477	4
NC_000913.3_479	1
NC_000913.3_3943	1
NC_000913.3_2681	1
NC_000913.3_1677	1
NC_000913.3_1695	1
NC_000913.3_1051	1
NC_000913.3_3055	1
NC_000913.3_293	5
NC_000913.3_4294	1
NC_000913.3_3315	1
NC_000913.3_1161	2
NC_000913.3_763	1
NC_000913.3_3568	1
NC_000913.3_3463	1
NC_000913.3_2168	1
NC_000913.3_3237	1
NC_000913.3_4175	3
NC_000913.3_2780	3
NC_000913.3_724	1
NC_000913.3_2136	1
NC_000913.3_381	1
NC_000913.3_2193	1
NC_000913.3_2211	2
NC_000913.3_3971	1
NC_000913.3_4097	1
NC_000913.3_1671	1
NC_000913.3_2181	1
NC_000913.3_4152	1
NC_000913.3_82	1
NC_000913.3_2636	1
NC_000913.3_2234	1
NC_000913.3_2911	1
NC_000913.3_2304	1
NC_000913.3_2386	1
NC_000913.3_3324	1
NC_000913.3_1166	1
NC_000913.3_2472	1
NC_000913.3_3166	1
NC_000913.3_3586	1
NC_000913.3_1789	1
NC_000913.3_225	1
NC_000913.3_1366	1
NC_000913.3_2438	1
NC_000913.3_2720	1
NC_000913.3_2214	1
NC_000913.3_632	1
NC_000913.3_1203	1
NC_000913.3_393	1
NC_000913.3_2903	1
NC_000913.3_1830	3
NC_000913.3_2506	1
NC_000913.3_1411	1
NC_000913.3_2488	1
NC_000913.3_1468	1
NC_000913.3_583	2
NC_000913.3_1035	1
NC_000913.3_2041	2
NC_000913.3_613	1
NC_000913.3_3442	1
NC_000913.3_1292	1
NC_000913.3_1141	1
NC_000913.3_1115	1
NC_000913.3_4252	1
NC_000913.3_1734	1
NC_000913.3_2107	1
NC_000913.3_230	1
NC_000913.3_2890	1
NC_000913.3_3882	1
NC_000913.3_1873	1
NC_000913.3_2782	1
NC_000913.3_1784	1
NC_000913.3_2787	4
NC_000913.3_1122	1
NC_000913.3_1551	3
NC_000913.3_169	1
NC_000913.3_1647	1
NC_000913.3_2094	1
NC_000913.3_4227	1
NC_000913.3_1848	1
NC_000913.3_1422	5
NC_000913.3_3844	1
NC_000913.3_3671	1
NC_000913.3_2864	1
NC_000913.3_3388	1
NC_000913.3_354	6
NC_000913.3_3075	1
NC_000913.3_34	1
NC_000913.3_2	1
NC_000913.3_1019	1
NC_000913.3_2618	1
NC_000913.3_2217	1
NC_000913.3_1399	5
NC_000913.3_2490	1
NC_000913.3_296	5
NC_000913.3_3570	1
NC_000913.3_3984	2
NC_000913.3_272	1
NC_000913.3_3613	2
NC_000913.3_329	1
NC_000913.3_1894	1
NC_000913.3_2883	1
NC_000913.3_4002	1
NC_000913.3_2380	1
NC_000913.3_663	1
NC_000913.3_134	1
NC_000913.3_3645	1
NC_000913.3_2482	1
NC_000913.3_4247	1
NC_000913.3_3566	1
NC_000913.3_2481	1
NC_000913.3_3895	1
NC_000913.3_4283	1
NC_000913.3_1700	1
NC_000913.3_3713	1
NC_000913.3_4065	1
NC_000913.3_714	1
NC_000913.3_2875	2
NC_000913.3_3467	1
NC_000913.3_4027	1
NC_000913.3_1350	2
NC_000913.3_3280	1
NC_000913.3_3033	1
NC_000913.3_3748	1
NC_000913.3_2070	1
NC_000913.3_1730	1
NC_000913.3_2646	2
NC_000913.3_2112	1
NC_000913.3_2312	1
NC_000913.3_2848	1
NC_000913.3_2096	1
NC_000913.3_1852	1
NC_000913.3_1720	1
NC_000913.3_4204	1
NC_000913.3_515	1
NC_000913.3_1103	1
NC_000913.3_557	1
NC_000913.3_1653	1
NC_000913.3_2956	3
NC_000913.3_4173	1
NC_000913.3_3923	2
NC_000913.3_1301	1
NC_000913.3_679	1
NC_000913.3_3015	1
NC_000913.3_468	1
NC_000913.3_596	1
NC_000913.3_2909	1
NC_000913.3_1016	1
NC_000913.3_2232	1
NC_000913.3_3081	1
NC_000913.3_587	1
NC_000913.3_312	1
NC_000913.3_1909	1
NC_000913.3_1722	1
NC_000913.3_3632	1
NC_000913.3_3136	1
NC_000913.3_1274	1
NC_000913.3_723	1
NC_000913.3_2020	1
NC_000913.3_2743	1
NC_000913.3_2803	1
NC_000913.3_2854	1
NC_000913.3_1507	1
NC_000913.3_1757	1
NC_000913.3_3575	1
NC_000913.3_63	1
NC_000913.3_2570	1
NC_000913.3_3577	1
NC_000913.3_68	2
NC_000913.3_497	1
NC_000913.3_3531	1
NC_000913.3_1973	1
NC_000913.3_3830	1
NC_000913.3_967	1
NC_000913.3_549	1
NC_000913.3_3658	1
NC_000913.3_1953	1
NC_000913.3_2836	2
NC_000913.3_2000	2
NC_000913.3_1839	1
NC_000913.3_3828	1
NC_000913.3_1472	1
NC_000913.3_3251	1
NC_000913.3_3343	1
NC_000913.3_962	1
NC_000913.3_3600	1
NC_000913.3_2709	1
NC_000913.3_558	1
NC_000913.3_4241	1
NC_000913.3_757	1
NC_000913.3_341	1
NC_000913.3_1731	1
NC_000913.3_3491	1
NC_000913.3_3163	1
NC_000913.3_3874	1
NC_000913.3_376	1
NC_000913.3_743	1
NC_000913.3_3210	1
NC_000913.3_2337	1
NC_000913.3_2922	2
NC_000913.3_4133	1
NC_000913.3_2725	1
NC_000913.3_1057	1
NC_000913.3_3135	1
NC_000913.3_3018	1
NC_000913.3_564	1
NC_000913.3_952	1
NC_000913.3_1862	2
NC_000913.3_480	1
NC_000913.3_1082	1
NC_000913.3_1331	1
NC_000913.3_129	1
NC_000913.3_4168	1
NC_000913.3_3146	1
NC_000913.3_2192	1
NC_000913.3_1307	1
NC_000913.3_891	1
NC_000913.3_1317	1
NC_000913.3_1886	1
NC_000913.3_2547	1
NC_000913.3_55	1
NC_000913.3_3644	1
NC_000913.3_508	2
NC_000913.3_3269	1
NC_000913.3_2972	1
NC_000913.3_443	1
NC_000913.3_1817	2
NC_000913.3_3758	2
NC_000913.3_715	1
NC_000913.3_3749	1
NC_000913.3_4125	1
NC_000913.3_3829	1
NC_000913.3_927	1
NC_000913.3_1718	1
NC_000913.3_504	1
NC_000913.3_396	1
NC_000913.3_158	6
NC_000913.3_4024	2
NC_000913.3_2978	1
NC_000913.3_3107	1
NC_000913.3_3563	1
NC_000913.3_4147	1
NC_000913.3_3968	1
NC_000913.3_919	1
NC_000913.3_3690	1
NC_000913.3_1516	1
NC_000913.3_277	1
NC_000913.3_1244	1
NC_000913.3_1790	1
NC_000913.3_2954	1
NC_000913.3_2933	1
NC_000913.3_3584	1
NC_000913.3_2443	1
NC_000913.3_1238	1
NC_000913.3_2114	1
NC_000913.3_1666	1
NC_000913.3_792	1
NC_000913.3_920	1
NC_000913.3_1229	1
NC_000913.3_2993	1
NC_000913.3_1443	1
NC_000913.3_1534	3
NC_000913.3_1424	1
NC_000913.3_2607	1
NC_000913.3_1167	2
NC_000913.3_2082	2
NC_000913.3_113	1
NC_000913.3_1631	1
NC_000913.3_2402	1
NC_000913.3_2385	1
NC_000913.3_2670	1
NC_000913.3_740	1
NC_000913.3_3425	1
NC_000913.3_52	1
NC_000913.3_2123	1
NC_000913.3_1680	1
NC_000913.3_834	1
NC_000913.3_1322	1
NC_000913.3_2919	1
NC_000913.3_4016	1
NC_000913.3_1372	1
NC_000913.3_3390	1
NC_000913.3_769	1
NC_000913.3_2311	1
NC_000913.3_3480	1
NC_000913.3_3436	1
NC_000913.3_2809	2
NC_000913.3_1835	3
NC_000913.3_78	1
NC_000913.3_2930	1
NC_000913.3_950	1
NC_000913.3_239	1
NC_000913.3_1984	1
NC_000913.3_2326	1
NC_000913.3_1747	1
NC_000913.3_3301	1
NC_000913.3_4182	8
NC_000913.3_513	1
NC_000913.3_2515	1
NC_000913.3_1045	1
NC_000913.3_1531	1
NC_000913.3_2897	1
NC_000913.3_4305	1
NC_000913.3_2612	1
NC_000913.3_1349	1
NC_000913.3_988	1
NC_000913.3_3646	2
NC_000913.3_3793	1
NC_000913.3_109	1
NC_000913.3_524	1
NC_000913.3_3700	1
NC_000913.3_3479	1
NC_000913.3_2852	2
NC_000913.3_4111	1
NC_000913.3_1294	1
NC_000913.3_3505	1
NC_000913.3_3226	1
NC_000913.3_1067	1
NC_000913.3_2767	1
NC_000913.3_1510	3
NC_000913.3_2799	1
NC_000913.3_240	1
NC_000913.3_2955	1
NC_000913.3_1095	1
NC_000913.3_2062	1
NC_000913.3_909	1
NC_000913.3_1336	1
NC_000913.3_103	1
NC_000913.3_3373	5
NC_000913.3_855	2
NC_000913.3_4260	2
NC_000913.3_1290	1
NC_000913.3_236	3
NC_000913.3_1070	1
NC_000913.3_3452	1
NC_000913.3_1258	4
NC_000913.3_1842	1
NC_000913.3_4279	1
NC_000913.3_2759	1
NC_000913.3_2798	1
NC_000913.3_2445	1
NC_000913.3_2724	1
NC_000913.3_677	1
NC_000913.3_3410	1
NC_000913.3_2899	1
NC_000913.3_3612	1
NC_000913.3_1966	1
NC_000913.3_3175	1
NC_000913.3_848	1
NC_000913.3_2444	1
NC_000913.3_482	1
NC_000913.3_2910	2
NC_000913.3_917	1
NC_000913.3_1404	1
NC_000913.3_4277	1
NC_000913.3_1221	1
NC_000913.3_2450	1
NC_000913.3_1831	1
NC_000913.3_993	1
NC_000913.3_3428	1
NC_000913.3_1123	1
NC_000913.3_2674	1
NC_000913.3_857	1
NC_000913.3_403	1
NC_000913.3_2676	1
NC_000913.3_4046	1
NC_000913.3_2109	1
NC_000913.3_3852	1
NC_000913.3_4212	1
NC_000913.3_2100	1
NC_000913.3_3742	1
NC_000913.3_3185	1
NC_000913.3_3211	1
NC_000913.3_1015	1
NC_000913.3_157	1
NC_000913.3_4075	1
NC_000913.3_250	3
NC_000913.3_2965	1
NC_000913.3_3318	1
NC_000913.3_4206	1
NC_000913.3_1481	2
NC_000913.3_4235	1
NC_000913.3_3352	1
NC_000913.3_2779	1
NC_000913.3_2637	1
NC_000913.3_2361	1
NC_000913.3_3045	1
NC_000913.3_3412	3
NC_000913.3_1723	1
NC_000913.3_2207	1
NC_000913.3_537	1
NC_000913.3_3068	1
NC_000913.3_234	2
NC_000913.3_2261	1
NC_000913.3_4108	1
NC_000913.3_4145	1
NC_000913.3_4201	1
NC_000913.3_3530	1
NC_000913.3_195	1
NC_000913.3_1874	2
NC_000913.3_3906	1
NC_000913.3_3323	1
NC_000913.3_2888	1
NC_000913.3_3777	1
NC_000913.3_1813	8
NC_000913.3_1299	1
NC_000913.3_3514	1
NC_000913.3_3317	1
NC_000913.3_694	1
NC_000913.3_795	1
NC_000913.3_3528	1
NC_000913.3_3035	1
NC_000913.3_1469	1
NC_000913.3_1215	1
NC_000913.3_42	2
NC_000913.3_2839	1
NC_000913.3_2549	1
NC_000913.3_4102	1
NC_000913.3_2327	1
NC_000913.3_641	1
NC_000913.3_3559	1
NC_000913.3_1150	1
NC_000913.3_2540	1
NC_000913.3_3199	1
NC_000913.3_406	1
NC_000913.3_1181	2
NC_000913.3_367	1
NC_000913.3_882	1
NC_000913.3_3171	2
NC_000913.3_619	1
NC_000913.3_700	1
NC_000913.3_2412	1
NC_000913.3_4068	1
NC_000913.3_3149	2
NC_000913.3_355	1
NC_000913.3_3202	1
NC_000913.3_190	1
NC_000913.3_1837	1
NC_000913.3_162	1
NC_000913.3_1415	1
NC_000913.3_787	1
NC_000913.3_1597	1
NC_000913.3_3817	2
NC_000913.3_2480	1
NC_000913.3_3295	1
NC_000913.3_2835	1
NC_000913.3_514	1
NC_000913.3_2525	1
NC_000913.3_1946	1
NC_000913.3_2299	1
NC_000913.3_604	1
NC_000913.3_3634	1
NC_000913.3_2973	1
NC_000913.3_3246	1
NC_000913.3_4088	1
NC_000913.3_3744	1
NC_000913.3_49	1
NC_000913.3_3938	3
NC_000913.3_1241	1
NC_000913.3_1639	1
NC_000913.3_1645	1
NC_000913.3_4144	1
NC_000913.3_4188	1
NC_000913.3_92	1
NC_000913.3_597	1
NC_000913.3_693	1
NC_000913.3_819	1
NC_000913.3_3770	1
NC_000913.3_2952	1
NC_000913.3_3753	1
NC_000913.3_4163	1
NC_000913.3_1912	1
NC_000913.3_1008	1
NC_000913.3_2117	2
NC_000913.3_3915	1
NC_000913.3_4205	1
NC_000913.3_273	1
NC_000913.3_3447	1
NC_000913.3_1088	1
NC_000913.3_1821	1
NC_000913.3_3847	1
NC_000913.3_1558	1
NC_000913.3_1573	1
NC_000913.3_2180	3
NC_000913.3_3375	1
NC_000913.3_2994	1
NC_000913.3_764	1
NC_000913.3_1002	2
NC_000913.3_2722	1
NC_000913.3_2794	1
NC_000913.3_2591	2
NC_000913.3_2169	2
NC_000913.3_4083	1
NC_000913.3_1958	1
NC_000913.3_2936	1
NC_000913.3_3865	1
NC_000913.3_770	1
NC_000913.3_107	1
NC_000913.3_922	1
NC_000913.3_357	1
NC_000913.3_265	4
NC_000913.3_2286	1
NC_000913.3_2999	1
NC_000913.3_1460	1
NC_000913.3_959	3
NC_000913.3_3262	1
NC_000913.3_2397	1
NC_000913.3_3036	1
NC_000913.3_3816	1
NC_000913.3_1568	1
NC_000913.3_4289	1
NC_000913.3_2073	1
NC_000913.3_3985	1
NC_000913.3_947	1
NC_000913.3_860	1
NC_000913.3_2489	1
NC_000913.3_3046	1
NC_000913.3_908	1
NC_000913.3_2293	1
NC_000913.3_2928	1
NC_000913.3_674	8
NC_000913.3_1890	1
NC_000913.3_3736	1
NC_000913.3_3602	1
NC_000913.3_4199	1
NC_000913.3_1814	1
NC_000913.3_3265	1
NC_000913.3_2711	1
NC_000913.3_1257	1
NC_000913.3_1989	1
NC_000913.3_3058	1
NC_000913.3_2858	1
NC_000913.3_3197	2
NC_000913.3_2187	1
NC_000913.3_606	1
NC_000913.3_3255	1
NC_000913.3_2494	1
NC_000913.3_4149	1
NC_000913.3_1595	1
NC_000913.3_1672	1
NC_000913.3_3836	1
NC_000913.3_1321	1
NC_000913.3_3221	1
NC_000913.3_3561	1
NC_000913.3_3220	2
NC_000913.3_401	1
NC_000913.3_1385	1
NC_000913.3_1010	1
NC_000913.3_3125	1
NC_000913.3_2030	1
NC_000913.3_1514	1
NC_000913.3_3513	1
NC_000913.3_2594	1
NC_000913.3_283	1
NC_000913.3_1974	1
NC_000913.3_633	2
NC_000913.3_2034	1
NC_000913.3_3420	1
NC_000913.3_2756	1
NC_000913.3_4146	1
NC_000913.3_1140	4
NC_000913.3_3339	1
NC_000913.3_4127	1
NC_000913.3_181	1
NC_000913.3_477	1
NC_000913.3_3156	1
NC_000913.3_3719	1
NC_000913.3_1	1
NC_000913.3_3629	1
NC_000913.3_173	1
NC_000913.3_3567	1
NC_000913.3_3761	1
NC_000913.3_2532	1
NC_000913.3_1875	1
NC_000913.3_2165	1
NC_000913.3_2576	1
NC_000913.3_903	1
NC_000913.3_878	1
NC_000913.3_471	1
NC_000913.3_867	1
NC_000913.3_2074	1
NC_000913.3_1930	1
NC_000913.3_983	1
NC_000913.3_3718	1
NC_000913.3_2263	1
NC_000913.3_785	1
NC_000913.3_61	1
NC_000913.3_918	1
NC_000913.3_1297	1
NC_000913.3_2014	2
NC_000913.3_924	1
NC_000913.3_799	1
NC_000913.3_1502	1
NC_000913.3_2029	1
NC_000913.3_2376	1
NC_000913.3_3106	1
NC_000913.3_2068	1
NC_000913.3_1497	1
NC_000913.3_3737	2
NC_000913.3_3473	1
NC_000913.3_2771	2
NC_000913.3_2188	1
NC_000913.3_759	1
NC_000913.3_2338	1
NC_000913.3_550	1
NC_000913.3_2860	1
NC_000913.3_3684	1
NC_000913.3_3792	1
NC_000913.3_67	1
NC_000913.3_2592	1
NC_000913.3_1823	4
NC_000913.3_2640	1
NC_000913.3_904	1
NC_000913.3_1300	1
NC_000913.3_1100	1
NC_000913.3_2131	1
NC_000913.3_2116	1
NC_000913.3_2639	1
NC_000913.3_3951	1
NC_000913.3_2719	1
NC_000913.3_2983	1
NC_000913.3_4021	3
NC_000913.3_176	1
NC_000913.3_20	1
NC_000913.3_511	1
NC_000913.3_2533	2
NC_000913.3_3558	1
NC_000913.3_957	1
NC_000913.3_2236	1
NC_000913.3_2649	1
NC_000913.3_3369	1
NC_000913.3_4217	1
NC_000913.3_3290	1
NC_000913.3_625	1
NC_000913.3_2686	1
NC_000913.3_727	1
NC_000913.3_2611	5
NC_000913.3_281	1
NC_000913.3_3795	2
NC_000913.3_221	1
NC_000913.3_1711	1
NC_000913.3_4138	1
NC_000913.3_4215	1
NC_000913.3_1210	1
NC_000913.3_1847	1
NC_000913.3_3184	1
NC_000913.3_1511	1
NC_000913.3_2827	1
NC_000913.3_4220	1
NC_000913.3_264	1
NC_000913.3_2762	1
NC_000913.3_545	1
NC_000913.3_3529	1
NC_000913.3_2370	1
NC_000913.3_1447	2
NC_000913.3_1594	1
NC_000913.3_2499	1
NC_000913.3_3958	1
NC_000913.3_3190	1
NC_000913.3_3824	1
NC_000913.3_308	1
NC_000913.3_1202	1
NC_000913.3_3089	1
NC_000913.3_2294	1
NC_000913.3_2948	1
NC_000913.3_449	1
NC_000913.3_2527	1
NC_000913.3_2531	1
NC_000913.3_316	1
NC_000913.3_3695	1
NC_000913.3_3002	1
NC_000913.3_3167	1
NC_000913.3_4053	1
NC_000913.3_2186	1
NC_000913.3_3016	2
NC_000913.3_1544	1
NC_000913.3_4162	1
NC_000913.3_2396	1
NC_000913.3_748	1
NC_000913.3_906	1
NC_000913.3_4300	1
NC_000913.3_170	1
NC_000913.3_1870	1
NC_000913.3_1976	1
NC_000913.3_673	1
NC_000913.3_3137	1
NC_000913.3_3382	1
NC_000913.3_1344	1
NC_000913.3_2243	1
NC_000913.3_470	2
NC_000913.3_717	1
NC_000913.3_1449	1
NC_000913.3_484	1
NC_000913.3_1985	2
NC_000913.3_189	1
NC_000913.3_3556	1
NC_000913.3_1879	1
NC_000913.3_3308	1
NC_000913.3_3950	1
NC_000913.3_3302	1
NC_000913.3_2692	1
NC_000913.3_2250	1
NC_000913.3_1214	1
NC_000913.3_1466	1
NC_000913.3_210	1
NC_000913.3_1916	1
NC_000913.3_146	1
NC_000913.3_3599	2
NC_000913.3_1920	1
NC_000913.3_1566	1
NC_000913.3_3652	1
NC_000913.3_996	1
NC_000913.3_1537	1
NC_000913.3_521	2
NC_000913.3_2009	3
NC_000913.3_2335	1
NC_000913.3_335	1
NC_000913.3_1952	1
NC_000913.3_3934	1
NC_000913.3_2905	1
NC_000913.3_466	1
NC_000913.3_490	1
NC_000913.3_1389	1
NC_000913.3_1451	1
NC_000913.3_539	1
NC_000913.3_58	1
NC_000913.3_3411	1
NC_000913.3_4313	1
NC_000913.3_1429	1
NC_000913.3_2804	1
NC_000913.3_3041	1
NC_000913.3_2757	1
NC_000913.3_4015	1
NC_000913.3_2033	1
NC_000913.3_883	1
NC_000913.3_2229	1
NC_000913.3_2865	1
NC_000913.3_2826	1
NC_000913.3_164	1
NC_000913.3_4177	1
NC_000913.3_178	1
NC_000913.3_696	1
NC_000913.3_2845	1
NC_000913.3_2426	4
NC_000913.3_3706	1
NC_000913.3_3104	1
NC_000913.3_3517	1
NC_000913.3_4240	1
NC_000913.3_1656	1
NC_000913.3_2276	1
NC_000913.3_183	1
NC_000913.3_1287	1
NC_000913.3_1729	1
NC_000913.3_890	1
NC_000913.3_2427	1
NC_000913.3_1622	1
NC_000913.3_3837	1
NC_000913.3_1663	1
NC_000913.3_2031	1
NC_000913.3_2790	1
NC_000913.3_1359	1
NC_000913.3_3361	1
NC_000913.3_3009	1
NC_000913.3_4020	1
NC_000913.3_104	2
NC_000913.3_3640	8
NC_000913.3_3820	1
NC_000913.3_1478	1
NC_000913.3_2064	1
NC_000913.3_3587	1
NC_000913.3_3784	1
NC_000913.3_1387	3
NC_000913.3_1107	1
NC_000913.3_1918	1
NC_000913.3_3080	1
NC_000913.3_3257	1
NC_000913.3_824	1
NC_000913.3_110	3
NC_000913.3_3273	1
NC_000913.3_3198	4
NC_000913.3_3307	1
NC_000913.3_3617	1
NC_000913.3_2834	1
NC_000913.3_3840	1
NC_000913.3_1540	1
NC_000913.3_2044	1
NC_000913.3_2729	4
NC_000913.3_300	1
NC_000913.3_340	1
NC_000913.3_1445	1
NC_000913.3_2371	1
NC_000913.3_2552	1
NC_000913.3_4248	1
NC_000913.3_2967	1
NC_000913.3_3601	1
NC_000913.3_4179	1
NC_000913.3_3557	5
NC_000913.3_1841	1
NC_000913.3_2882	1
NC_000913.3_1311	1
NC_000913.3_2805	1
NC_000913.3_847	9
NC_000913.3_1058	1
NC_000913.3_425	1
NC_000913.3_4214	1
NC_000913.3_2120	1
NC_000913.3_1279	1
NC_000913.3_2287	1
NC_000913.3_2154	1
NC_000913.3_1230	1
NC_000913.3_2673	1
NC_000913.3_491	2
NC_000913.3_2441	1
NC_000913.3_802	1
NC_000913.3_1304	1
NC_000913.3_675	2
NC_000913.3_3067	1
NC_000913.3_56	1
NC_000913.3_3060	1
NC_000913.3_1020	1
NC_000913.3_3975	1
NC_000913.3_1362	1
NC_000913.3_774	1
NC_000913.3_789	1
NC_000913.3_2891	1
NC_000913.3_1052	1
NC_000913.3_431	1
NC_000913.3_732	1
NC_000913.3_1620	1
NC_000913.3_2699	1
NC_000913.3_2615	1
NC_000913.3_3659	1
NC_000913.3_3147	1
NC_000913.3_1096	1
NC_000913.3_274	1
NC_000913.3_3723	1
NC_000913.3_57	1
NC_000913.3_989	1
NC_000913.3_1340	1
NC_000913.3_1992	1
NC_000913.3_1967	1
NC_000913.3_1180	1
NC_000913.3_1745	1
NC_000913.3_2623	1
NC_000913.3_1420	1
NC_000913.3_2501	1
NC_000913.3_4076	1
NC_000913.3_2484	1
NC_000913.3_3520	2
NC_000913.3_2710	5
NC_000913.3_1797	2
NC_000913.3_72	2
NC_000913.3_343	1
NC_000913.3_483	1
NC_000913.3_1590	1
NC_000913.3_3766	2
NC_000913.3_2487	1
NC_000913.3_3158	1
NC_000913.3_3362	1
NC_000913.3_612	2
NC_000913.3_939	1
NC_000913.3_3021	1
NC_000913.3_4142	1
NC_000913.3_2696	1
NC_000913.3_1097	1
NC_000913.3_2473	1
NC_000913.3_1509	1
NC_000913.3_885	1
NC_000913.3_2626	1
NC_000913.3_4238	1
NC_000913.3_1754	1
NC_000913.3_1309	1
NC_000913.3_817	1
NC_000913.3_3408	1
NC_000913.3_1249	1
NC_000913.3_1567	1
NC_000913.3_3804	1
NC_000913.3_1762	5
NC_000913.3_3345	1
NC_000913.3_1785	1
NC_000913.3_4005	1
NC_000913.3_400	2
NC_000913.3_2741	1
NC_000913.3_1915	2
NC_000913.3_175	1
NC_000913.3_1418	1
NC_000913.3_3112	1
NC_000913.3_3383	1
NC_000913.3_3623	1
NC_000913.3_1895	1
NC_000913.3_3974	1
NC_000913.3_2339	1
NC_000913.3_4250	1
NC_000913.3_317	1
NC_000913.3_3193	7
NC_000913.3_3161	1
NC_000913.3_838	1
NC_000913.3_2716	1
NC_000913.3_417	1
NC_000913.3_1707	1
NC_000913.3_1955	1
NC_000913.3_2582	1
NC_000913.3_2106	3
NC_000913.3_4207	1
NC_000913.3_2598	1
NC_000913.3_2085	2
NC_000913.3_476	1
NC_000913.3_2513	1
NC_000913.3_3735	2
NC_000913.3_1803	1
NC_000913.3_3801	1
NC_000913.3_1251	1
NC_000913.3_3274	1
NC_000913.3_154	1
NC_000913.3_2135	3
NC_000913.3_2475	5
NC_000913.3_1024	1
NC_000913.3_4221	2
NC_000913.3_4156	1
NC_000913.3_1701	2
NC_000913.3_1296	12
NC_000913.3_1607	1
NC_000913.3_3622	1
NC_000913.3_902	1
NC_000913.3_2751	1
NC_000913.3_3061	1
NC_000913.3_3544	1
NC_000913.3_3206	1
NC_000913.3_1194	1
NC_000913.3_2026	1
NC_000913.3_4181	1
NC_000913.3_3908	2
NC_000913.3_697	1
NC_000913.3_985	1
NC_000913.3_3278	1
NC_000913.3_2001	1
NC_000913.3_1834	1
NC_000913.3_3550	2
NC_000913.3_2765	1
NC_000913.3_3802	1
NC_000913.3_879	1
NC_000913.3_786	1
NC_000913.3_1574	1
NC_000913.3_2346	1
NC_000913.3_1213	1
NC_000913.3_2708	1
NC_000913.3_1924	1
NC_000913.3_1037	1
NC_000913.3_3572	5
NC_000913.3_1584	1
NC_000913.3_1766	1
NC_000913.3_3685	1
NC_000913.3_2867	1
NC_000913.3_827	1
NC_000913.3_1201	1
NC_000913.3_1649	1
NC_000913.3_2147	1
NC_000913.3_1865	1
NC_000913.3_1143	1
NC_000913.3_3037	1
NC_000913.3_2451	1
NC_000913.3_3300	1
NC_000913.3_1038	1
NC_000913.3_1444	1
NC_000913.3_1617	2
NC_000913.3_4098	1
NC_000913.3_4115	1
NC_000913.3_481	1
NC_000913.3_2258	1
NC_000913.3_1441	1
NC_000913.3_1255	1
NC_000913.3_963	2
NC_000913.3_2648	1
NC_000913.3_3765	1
NC_000913.3_982	1
NC_000913.3_951	1
NC_000913.3_803	1
NC_000913.3_390	1
NC_000913.3_1522	1
NC_000913.3_1861	1
NC_000913.3_3289	1
NC_000913.3_196	1
NC_000913.3_1779	1
NC_000913.3_861	1
NC_000913.3_4101	1
NC_000913.3_2353	1
NC_000913.3_3328	1
NC_000913.3_928	1
NC_000913.3_1988	1
NC_000913.3_3638	1
NC_000913.3_3414	2
NC_000913.3_3218	1
NC_000913.3_3429	2
NC_000913.3_2534	1
NC_000913.3_3665	1
NC_000913.3_3370	1
NC_000913.3_1208	1
NC_000913.3_749	2
NC_000913.3_4256	13
NC_000913.3_3096	1
NC_000913.3_1829	1
NC_000913.3_1089	1
NC_000913.3_59	1
NC_000913.3_285	1
NC_000913.3_1319	1
NC_000913.3_3391	1
NC_000913.3_3351	1
NC_000913.3_660	1
NC_000913.3_661	16
NC_000913.3_1664	1
NC_000913.3_1667	1
NC_000913.3_977	1
NC_000913.3_3249	1
NC_000913.3_2076	1
NC_000913.3_3386	1
NC_000913.3_3552	2
NC_000913.3_1610	1
NC_000913.3_25	1
NC_000913.3_1922	1
NC_000913.3_1371	1
NC_000913.3_2246	1
NC_000913.3_3967	1
NC_000913.3_120	1
NC_000913.3_2511	1
NC_000913.3_3592	1
NC_000913.3_3783	1
NC_000913.3_1993	1
NC_000913.3_4191	2
NC_000913.3_1986	1
NC_000913.3_2435	1
NC_000913.3_3215	1
NC_000913.3_3662	1
NC_000913.3_1608	1
NC_000913.3_3932	1
NC_000913.3_1991	1
NC_000913.3_3385	1
NC_000913.3_892	2
NC_000913.3_1585	1
NC_000913.3_1029	1
NC_000913.3_3500	1
NC_000913.3_2667	1
NC_000913.3_64	1
NC_000913.3_2133	1
NC_000913.3_1302	1
NC_000913.3_4249	1
NC_000913.3_1026	1
NC_000913.3_2728	1
NC_000913.3_4318	1
NC_000913.3_2595	1
NC_000913.3_1929	1
NC_000913.3_2222	1
NC_000913.3_194	1
NC_000913.3_3010	1
NC_000913.3_2247	1
NC_000913.3_1068	1
NC_000913.3_2541	1
NC_000913.3_284	1
NC_000913.3_623	1
NC_000913.3_3782	1
NC_000913.3_3887	1
NC_000913.3_3709	1
NC_000913.3_4307	1
NC_000913.3_1048	1
NC_000913.3_2132	1
NC_000913.3_2303	1
NC_000913.3_2485	1
NC_000913.3_456	1
NC_000913.3_910	1
NC_000913.3_1941	1
NC_000913.3_3516	1
NC_000913.3_4312	1
NC_000913.3_655	1
NC_000913.3_51	1
NC_000913.3_3791	3
NC_000913.3_3977	1
NC_000913.3_3475	1
NC_000913.3_2542	1
NC_000913.3_2900	1
NC_000913.3_657	1
NC_000913.3_1438	1
NC_000913.3_4073	1
NC_000913.3_894	1
NC_000913.3_4086	2
NC_000913.3_534	1
NC_000913.3_2191	1
NC_000913.3_4136	1
NC_000913.3_313	1
NC_000913.3_1448	1
NC_000913.3_3377	1
NC_000913.3_1592	1
NC_000913.3_3448	2
NC_000913.3_672	1
NC_000913.3_3884	1
NC_000913.3_2551	1
NC_000913.3_2013	1
NC_000913.3_2524	1
NC_000913.3_3641	1
NC_000913.3_1937	1
NC_000913.3_588	1
NC_000913.3_1675	1
NC_000913.3_3148	1
NC_000913.3_464	1
NC_000913.3_1521	1
NC_000913.3_592	3
NC_000913.3_1515	1
NC_000913.3_38	1
NC_000913.3_531	1
NC_000913.3_2841	1
NC_000913.3_627	1
NC_000913.3_3415	1
NC_000913.3_638	1
NC_000913.3_1699	3
NC_000913.3_3264	1
NC_000913.3_934	1
NC_000913.3_1293	1
NC_000913.3_2411	1
NC_000913.3_3927	1
NC_000913.3_640	1
NC_000913.3_1334	1
NC_000913.3_1388	1
NC_000913.3_368	2
NC_000913.3_3103	1
NC_000913.3_2745	1
NC_000913.3_4023	1
NC_000913.3_772	1
NC_000913.3_1267	1
NC_000913.3_1253	1
NC_000913.3_1168	1
NC_000913.3_2796	1
NC_000913.3_2139	1
NC_000913.3_3633	1
NC_000913.3_3945	1
NC_000913.3_2103	1
NC_000913.3_1959	1
NC_000913.3_2093	1
NC_000913.3_3823	1
NC_000913.3_2630	1
NC_000913.3_981	1
NC_000913.3_2778	1
NC_000913.3_2545	1
NC_000913.3_2772	1
NC_000913.3_4232	1
NC_000913.3_1243	1
NC_000913.3_3446	1
NC_000913.3_244	1
NC_000913.3_1041	1
NC_000913.3_1312	1
NC_000913.3_3615	1
NC_000913.3_566	1
NC_000913.3_3855	1
NC_000913.3_3492	1
NC_000913.3_1479	1
NC_000913.3_4031	1
NC_000913.3_1432	6
NC_000913.3_420	1
NC_000913.3_2795	2
NC_000913.3_3038	1
NC_000913.3_2204	1
NC_000913.3_1442	1
NC_000913.3_321	1
NC_000913.3_1155	1
NC_000913.3_2008	1
NC_000913.3_3260	1
NC_000913.3_1108	1
NC_000913.3_994	1
NC_000913.3_3117	1
NC_000913.3_2415	1
NC_000913.3_436	1
NC_000913.3_1175	1
NC_000913.3_4297	1
NC_000913.3_2256	1
NC_000913.3_2700	1
NC_000913.3_3771	1
NC_000913.3_767	1
NC_000913.3_2310	1
NC_000913.3_1391	1
NC_000913.3_1182	1
NC_000913.3_1492	1
NC_000913.3_758	1
NC_000913.3_3937	1
NC_000913.3_818	1
NC_000913.3_845	1
NC_000913.3_3546	1
NC_000913.3_2242	1
NC_000913.3_3651	1
NC_000913.3_410	1
NC_000913.3_1552	1
NC_000913.3_688	2
NC_000913.3_699	2
NC_000913.3_1198	1
NC_000913.3_614	2
NC_000913.3_1374	1
NC_000913.3_4019	1
NC_000913.3_2749	1
NC_000913.3_4128	1
NC_000913.3_2645	1
NC_000913.3_2977	1
NC_000913.3_2571	1
NC_000913.3_2651	1
NC_000913.3_2401	1
NC_000913.3_1083	1
NC_000913.3_4043	1
NC_000913.3_2726	2
NC_000913.3_520	1
NC_000913.3_3468	2
NC_000913.3_1820	1
NC_000913.3_3805	1
NC_000913.3_1682	3
NC_000913.3_3740	1
NC_000913.3_2271	1
NC_000913.3_363	1
NC_000913.3_570	1
NC_000913.3_429	1
NC_000913.3_2638	1
NC_000913.3_576	2
NC_000913.3_1755	1
NC_000913.3_4254	1
NC_000913.3_3406	1
NC_000913.3_3128	1
NC_000913.3_2325	1
NC_000913.3_2173	33
NC_000913.3_1022	1
NC_000913.3_3488	1
NC_000913.3_1833	2
NC_000913.3_2281	1
NC_000913.3_1264	1
NC_000913.3_2182	1
NC_000913.3_1132	1
NC_000913.3_197	5
NC_000913.3_1783	1
NC_000913.3_3926	1
NC_000913.3_1314	1
NC_000913.3_840	1
NC_000913.3_1819	1
NC_000913.3_3988	1
NC_000913.3_1809	3
NC_000913.3_965	2
NC_000913.3_3774	1
NC_000913.3_1093	1
NC_000913.3_1901	1
NC_000913.3_1380	1
NC_000913.3_2269	1
NC_000913.3_2111	1
NC_000913.3_1998	1
NC_000913.3_2422	1
NC_000913.3_1457	2
NC_000913.3_2631	1
NC_000913.3_2069	1
NC_000913.3_2669	1
NC_000913.3_385	3
NC_000913.3_3279	4
NC_000913.3_3379	1
NC_000913.3_3327	1
NC_000913.3_122	1
NC_000913.3_3730	1
NC_000913.3_3169	1
NC_000913.3_3668	1
NC_000913.3_1708	1
NC_000913.3_2384	1
NC_000913.3_650	1
NC_000913.3_1207	2
NC_000913.3_3885	2
NC_000913.3_1914	1
NC_000913.3_2588	1
NC_000913.3_2817	1
NC_000913.3_3660	1
NC_000913.3_1261	1
NC_000913.3_119	1
NC_000913.3_905	1
NC_000913.3_2364	1
NC_000913.3_2219	1
NC_000913.3_2555	4
NC_000913.3_2770	1
NC_000913.3_121	1
NC_000913.3_889	2
NC_000913.3_191	1
NC_000913.3_4013	1
NC_000913.3_3354	1
NC_000913.3_172	1
NC_000913.3_1868	1
NC_000913.3_886	1
NC_000913.3_1032	1
NC_000913.3_788	1
NC_000913.3_1600	4
NC_000913.3_2317	2
NC_000913.3_444	1
NC_000913.3_413	1
NC_000913.3_3025	1
NC_000913.3_4263	1
NC_000913.3_2308	1
NC_000913.3_1086	1
NC_000913.3_658	1
NC_000913.3_3150	1
NC_000913.3_753	1
NC_000913.3_4082	1
NC_000913.3_2783	6
NC_000913.3_4058	1
NC_000913.3_1613	1
NC_000913.3_2439	2
NC_000913.3_362	1
NC_000913.3_3789	1
NC_000913.3_739	3
NC_000913.3_2519	1
NC_000913.3_4059	1
NC_000913.3_598	1
NC_000913.3_1545	2
NC_000913.3_370	1
NC_000913.3_2015	1
NC_000913.3_1705	1
NC_000913.3_1164	1
NC_000913.3_1315	1
NC_000913.3_887	1
NC_000913.3_1237	1
NC_000913.3_3946	1
NC_000913.3_3779	1
NC_000913.3_805	1
NC_000913.3_634	1
NC_000913.3_373	3
NC_000913.3_2714	1
NC_000913.3_547	1
NC_000913.3_2837	2
NC_000913.3_971	1
NC_000913.3_898	1
NC_000913.3_4004	1
NC_000913.3_3954	1
NC_000913.3_2850	1
NC_000913.3_3871	1
NC_000913.3_1433	1
NC_000913.3_1459	1
NC_000913.3_1601	1
NC_000913.3_2019	2
NC_000913.3_163	1
NC_000913.3_2838	1
NC_000913.3_611	1
NC_000913.3_4026	1
NC_000913.3_846	1
NC_000913.3_2703	1
NC_000913.3_1980	1
NC_000913.3_2608	1
NC_000913.3_3085	1
NC_000913.3_936	2
NC_000913.3_1591	1
NC_000913.3_2929	1
NC_000913.3_2129	1
NC_000913.3_152	1
NC_000913.3_1183	1
NC_000913.3_2512	1
NC_000913.3_3270	1
NC_000913.3_2964	1
NC_000913.3_3747	1
NC_000913.3_1698	1
NC_000913.3_366	1
NC_000913.3_391	1
NC_000913.3_3145	1
NC_000913.3_1147	1
NC_000913.3_3835	1
NC_000913.3_987	1
NC_000913.3_1094	1
NC_000913.3_1670	1
NC_000913.3_3341	1
NC_000913.3_199	1
NC_000913.3_3235	1
NC_000913.3_2087	2
NC_000913.3_2987	1
NC_000913.3_1563	1
NC_000913.3_2808	1
NC_000913.3_1034	1
NC_000913.3_1405	1
NC_000913.3_709	1
NC_000913.3_3653	1
NC_000913.3_2874	1
NC_000913.3_3059	1
NC_000913.3_1427	1
NC_000913.3_2901	4
NC_000913.3_2213	1
NC_000913.3_2356	1
NC_000913.3_710	1
NC_000913.3_3282	1
NC_000913.3_590	2
NC_000913.3_1938	1
NC_000913.3_3423	1
NC_000913.3_3248	1
NC_000913.3_2880	1
NC_000913.3_4180	1
NC_000913.3_3755	2
NC_000913.3_1838	4
NC_000913.3_3342	1
NC_000913.3_1341	3
NC_000913.3_870	1
NC_000913.3_2876	1
NC_000913.3_1856	1
NC_000913.3_156	1
NC_000913.3_1470	1
NC_000913.3_969	1
NC_000913.3_2497	1
NC_000913.3_180	1
NC_000913.3_1169	1
NC_000913.3_530	1
NC_000913.3_1462	1
NC_000913.3_1463	1
NC_000913.3_2587	1
NC_000913.3_1384	1
NC_000913.3_3309	2
NC_000913.3_1520	2
NC_000913.3_3093	1
NC_000913.3_1641	1
NC_000913.3_3254	1
NC_000913.3_4131	1
NC_000913.3_4291	1
NC_000913.3_1390	1
NC_000913.3_800	1
NC_000913.3_1836	1
NC_000913.3_3582	1
NC_000913.3_4012	1
NC_000913.3_512	1
NC_000913.3_2777	1
NC_000913.3_352	1
NC_000913.3_1668	1
NC_000913.3_3725	1
NC_000913.3_2328	1
NC_000913.3_1326	1
NC_000913.3_897	1
NC_000913.3_2301	1
NC_000913.3_2643	1
NC_000913.3_3073	1
NC_000913.3_1491	1
NC_000913.3_4132	2
NC_000913.3_2218	1
NC_000913.3_516	1
NC_000913.3_84	2
NC_000913.3_2920	4
NC_000913.3_3213	1
NC_000913.3_201	1
NC_000913.3_3920	1
NC_000913.3_115	1
NC_000913.3_1724	1
NC_000913.3_4096	1
NC_000913.3_2065	2
NC_000913.3_809	1
NC_000913.3_46	1
NC_000913.3_2331	1
NC_000913.3_2200	3
NC_000913.3_3997	1
NC_000913.3_1529	1
NC_000913.3_2788	1
NC_000913.3_3786	2
NC_000913.3_4011	1
NC_000913.3_45	2
NC_000913.3_2201	1
NC_000913.3_311	1
NC_000913.3_135	1
NC_000913.3_448	1
NC_000913.3_1435	1
NC_000913.3_1556	1
NC_000913.3_3205	1
NC_000913.3_1192	1
NC_000913.3_1256	1
NC_000913.3_40	2
NC_000913.3_4087	1
NC_000913.3_2962	1
NC_000913.3_1945	1
NC_000913.3_4	1
NC_000913.3_2349	1
NC_000913.3_29	1
NC_000913.3_3456	1
NC_000913.3_1788	1
NC_000913.3_3183	3
NC_000913.3_3471	1
NC_000913.3_36	1
NC_000913.3_4282	1
NC_000913.3_1975	1
NC_000913.3_1305	1
NC_000913.3_3858	1
NC_000913.3_3636	1
NC_000913.3_1281	1
NC_000913.3_746	1
NC_000913.3_1732	1
NC_000913.3_3127	1
NC_000913.3_3940	1
NC_000913.3_4288	1
NC_000913.3_1017	3
NC_000913.3_2059	1
NC_000913.3_2526	1
NC_000913.3_1342	3
NC_000913.3_2108	3
NC_000913.3_734	1
NC_000913.3_141	1
NC_000913.3_2223	8
NC_000913.3_2505	1
NC_000913.3_3687	3
NC_000913.3_1027	1
NC_000913.3_4077	2
NC_000913.3_1346	1
NC_000913.3_100	1
NC_000913.3_992	1
NC_000913.3_1392	1
NC_000913.3_1877	1
NC_000913.3_2898	1
NC_000913.3_1822	1
NC_000913.3_2316	1
NC_000913.3_3538	2
NC_000913.3_488	1
NC_000913.3_1999	1
NC_000913.3_3870	1
NC_000913.3_3842	2
NC_000913.3_2478	1
NC_000913.3_1978	1
NC_000913.3_536	1
NC_000913.3_2357	1
NC_000913.3_509	1
NC_000913.3_204	1
NC_000913.3_2925	1
NC_000913.3_2806	2
NC_000913.3_822	1
NC_000913.3_2459	2
NC_000913.3_575	1
NC_000913.3_601	3
NC_000913.3_3704	1
NC_000913.3_3767	1
NC_000913.3_3208	1
NC_000913.3_3901	1
NC_000913.3_3225	1
NC_000913.3_2712	2
NC_000913.3_76	1
NC_000913.3_1409	1
NC_000913.3_2862	1
NC_000913.3_3992	1
NC_000913.3_1268	1
NC_000913.3_635	1
NC_000913.3_3001	1
NC_000913.3_2212	3
NC_000913.3_2421	1
NC_000913.3_2387	1
NC_000913.3_1808	1
NC_000913.3_1368	2
NC_000913.3_1840	1
NC_000913.3_3912	1
NC_000913.3_811	1
NC_000913.3_261	1
NC_000913.3_2912	1
NC_000913.3_930	1
NC_000913.3_2671	1
NC_000913.3_1855	1
NC_000913.3_1129	1
NC_000913.3_4010	1
NC_000913.3_2604	1
NC_000913.3_3063	1
NC_000913.3_337	1
NC_000913.3_2680	1
NC_000913.3_2873	1
NC_000913.3_3285	1
NC_000913.3_1536	1
NC_000913.3_2126	1
NC_000913.3_2344	1
NC_000913.3_4137	2
NC_000913.3_2067	1
NC_000913.3_3512	1
NC_000913.3_3378	1
NC_000913.3_2953	1
NC_000913.3_3140	1
NC_000913.3_4064	1
NC_000913.3_2306	1
NC_000913.3_932	1
NC_000913.3_1769	1
NC_000913.3_209	1
NC_000913.3_678	1
NC_000913.3_4143	1
NC_000913.3_2943	1
NC_000913.3_44	2
NC_000913.3_3405	1
NC_000913.3_1905	1
NC_000913.3_323	1
NC_000913.3_2466	1
NC_000913.3_3451	1
NC_000913.3_816	1
NC_000913.3_644	1
NC_000913.3_2793	1
NC_000913.3_1456	2
NC_000913.3_669	1
NC_000913.3_579	1
NC_000913.3_1982	1
NC_000913.3_4130	1
NC_000913.3_3253	1
NC_000913.3_2097	1
NC_000913.3_94	1
NC_000913.3_823	1
NC_000913.3_946	1
NC_000913.3_2627	1
NC_000913.3_3924	1
NC_000913.3_2413	1
NC_000913.3_4314	1
NC_000913.3_2822	1
NC_000913.3_3011	1
NC_000913.3_2240	1
NC_000913.3_2283	1
NC_000913.3_2028	1
NC_000913.3_3498	1
NC_000913.3_299	1
NC_000913.3_974	1
NC_000913.3_2609	1
NC_000913.3_4153	1
NC_000913.3_2868	1
NC_000913.3_2624	1
NC_000913.3_4306	1
NC_000913.3_331	1
NC_000913.3_3168	1
NC_000913.3_2159	1
NC_000913.3_1748	1
NC_000913.3_2662	1
NC_000913.3_3794	1
NC_000913.3_3831	1
NC_000913.3_4037	2
NC_000913.3_4229	1
NC_000913.3_990	1
NC_000913.3_2425	1
NC_000913.3_567	1
NC_000913.3_228	1
NC_000913.3_2979	1
NC_000913.3_3432	1
NC_000913.3_411	8
NC_000913.3_1199	1
NC_000913.3_3291	1
NC_000913.3_1291	2
NC_000913.3_303	1
NC_000913.3_1555	1
NC_000913.3_1706	1
NC_000913.3_2408	5
NC_000913.3_873	1
NC_000913.3_2320	1
NC_000913.3_738	1
NC_000913.3_815	1
NC_000913.3_2657	1
NC_000913.3_4315	1
NC_000913.3_859	1
NC_000913.3_3846	1
NC_000913.3_828	1
NC_000913.3_1744	1
NC_000913.3_254	2
NC_000913.3_3486	1
NC_000913.3_414	1
NC_000913.3_2580	1
NC_000913.3_2498	1
NC_000913.3_3630	1
NC_000913.3_4230	1
NC_000913.3_911	1
NC_000913.3_1965	1
NC_000913.3_1134	2
NC_000913.3_833	6
NC_000913.3_3797	1
NC_000913.3_1791	1
NC_000913.3_2315	1
NC_000913.3_2893	1
NC_000913.3_392	3
NC_000913.3_2961	1
NC_000913.3_1375	1
NC_000913.3_4159	1
NC_000913.3_4295	1
NC_000913.3_1046	1
NC_000913.3_2548	1
NC_000913.3_3360	1
NC_000913.3_2768	2
NC_000913.3_2003	2
NC_000913.3_712	1
NC_000913.3_132	1
NC_000913.3_1053	1
NC_000913.3_3540	1
NC_000913.3_3619	1
NC_000913.3_2861	1
NC_000913.3_1206	1
NC_000913.3_2090	1
NC_000913.3_3483	1
NC_000913.3_751	1
NC_000913.3_438	1
NC_000913.3_3686	1
NC_000913.3_3682	1
NC_000913.3_2206	1
NC_000913.3_1939	1
NC_000913.3_3762	1
NC_000913.3_1177	1
NC_000913.3_2682	1
NC_000913.3_3306	1
NC_000913.3_2155	1
NC_000913.3_3142	1
NC_000913.3_3141	1
NC_000913.3_2763	1
NC_000913.3_2664	1
NC_000913.3_3953	1
NC_000913.3_2447	1
NC_000913.3_4092	1
NC_000913.3_177	1
NC_000913.3_3608	3
NC_000913.3_3680	1
NC_000913.3_3654	1
NC_000913.3_1335	1
NC_000913.3_124	1
NC_000913.3_1636	5
NC_000913.3_1474	1
NC_000913.3_346	1
NC_000913.3_960	1
NC_000913.3_4290	1
NC_000913.3_551	1
NC_000913.3_4251	1
NC_000913.3_3648	1
NC_000913.3_1804	1
NC_000913.3_2766	1
NC_000913.3_3607	1
NC_000913.3_3790	1
NC_000913.3_3853	1
NC_000913.3_4120	1
NC_000913.3_2581	1
NC_000913.3_3796	1
NC_000913.3_1643	1
NC_000913.3_2701	10
NC_000913.3_495	1
NC_000913.3_3788	1
NC_000913.3_3867	1
NC_000913.3_2373	1
NC_000913.3_171	1
NC_000913.3_3800	1
NC_000913.3_970	2
NC_000913.3_1476	1
NC_000913.3_1772	1
NC_000913.3_2172	1
NC_000913.3_3303	1
NC_000913.3_741	1
NC_000913.3_1655	1
NC_000913.3_123	1
NC_000913.3_263	2
NC_000913.3_4129	1
NC_000913.3_1172	1
NC_000913.3_3157	1
NC_000913.3_2814	1
NC_000913.3_2348	2
NC_000913.3_360	1
NC_000913.3_3132	1
NC_000913.3_4066	1
NC_000913.3_3910	1
NC_000913.3_2102	18
NC_000913.3_3628	1
NC_000913.3_3843	1
NC_000913.3_2668	1
NC_000913.3_830	1
NC_000913.3_3752	1
NC_000913.3_3077	1
NC_000913.3_3754	1
NC_000913.3_95	1
NC_000913.3_3539	1
NC_000913.3_1434	1
NC_000913.3_2195	1
NC_000913.3_594	1
NC_000913.3_2879	1
NC_000913.3_2194	1
NC_000913.3_2063	1
NC_000913.3_1490	1
NC_000913.3_3896	1
NC_000913.3_143	1
NC_000913.3_1780	1
NC_000913.3_781	1
NC_000913.3_1777	1
NC_000913.3_3123	1
NC_000913.3_3862	1
NC_000913.3_726	1
NC_000913.3_2454	1
NC_000913.3_3931	1
NC_000913.3_1704	1
NC_000913.3_4304	1
NC_000913.3_80	1
NC_000913.3_215	1
NC_000913.3_562	1
NC_000913.3_3807	1
NC_000913.3_2095	1
NC_000913.3_554	2
NC_000913.3_3258	1
NC_000913.3_877	1
NC_000913.3_3763	1
NC_000913.3_1363	1
NC_000913.3_2221	1
NC_000913.3_1961	1
NC_000913.3_3856	1
NC_000913.3_1090	1
NC_000913.3_1111	1
NC_000913.3_3964	1
NC_000913.3_282	1
NC_000913.3_1578	1
NC_000913.3_2465	1
NC_000913.3_2620	1
NC_000913.3_4242	2
NC_000913.3_3724	1
NC_000913.3_2202	1
NC_000913.3_3564	1
NC_000913.3_1869	1
NC_000913.3_2661	2
NC_000913.3_4267	1
NC_000913.3_2017	1
NC_000913.3_3743	1
NC_000913.3_1430	1
NC_000913.3_4050	1
NC_000913.3_179	1
NC_000913.3_1648	1
NC_000913.3_1245	1
NC_000913.3_4219	2
NC_000913.3_2391	1
NC_000913.3_839	1
NC_000913.3_4165	1
NC_000913.3_3445	1
NC_000913.3_4084	1
NC_000913.3_1493	1
NC_000913.3_3129	1
NC_000913.3_2050	1
NC_000913.3_666	1
NC_000913.3_1932	2
NC_000913.3_4038	1
NC_000913.3_3438	1
NC_000913.3_186	1
NC_000913.3_3728	1
NC_000913.3_2227	1
NC_000913.3_3581	1
NC_000913.3_522	1
NC_000913.3_4123	1
NC_000913.3_2921	1
NC_000913.3_745	1
NC_000913.3_1782	1
NC_000913.3_4203	1
NC_000913.3_643	1
NC_000913.3_356	6
NC_000913.3_1329	1
NC_000913.3_2486	1
NC_000913.3_3029	1
NC_000913.3_3187	1
NC_000913.3_1280	1
NC_000913.3_2398	1
NC_000913.3_2036	1
NC_000913.3_2569	1
NC_000913.3_1630	1
NC_000913.3_1581	1
NC_000913.3_794	1
NC_000913.3_255	1
NC_000913.3_653	1
NC_000913.3_2241	1
NC_000913.3_3430	5
NC_000913.3_2785	1
NC_000913.3_1505	1
NC_000913.3_2089	1
NC_000913.3_3511	1
NC_000913.3_3851	1
NC_000913.3_2351	1
NC_000913.3_755	1
NC_000913.3_267	1
NC_000913.3_3216	1
NC_000913.3_3569	1
NC_000913.3_3153	1
NC_000913.3_2149	1
NC_000913.3_1659	1
NC_000913.3_137	1
NC_000913.3_2980	1
NC_000913.3_3316	1
NC_000913.3_3980	1
NC_000913.3_3401	3
NC_000913.3_864	2
NC_000913.3_2685	1
NC_000913.3_1116	1
NC_000913.3_2360	1
NC_000913.3_268	1
NC_000913.3_3023	2
NC_000913.3_2958	1
NC_000913.3_3326	1
NC_000913.3_1948	1
NC_000913.3_1703	1
NC_000913.3_2857	1
NC_000913.3_269	1
NC_000913.3_3994	1
NC_000913.3_3764	1
NC_000913.3_2077	1
NC_000913.3_555	1
NC_000913.3_1425	1
NC_000913.3_2146	1
NC_000913.3_1056	1
NC_000913.3_1767	1
NC_000913.3_1845	1
NC_000913.3_3019	1
NC_000913.3_676	1
NC_000913.3_4018	1
NC_000913.3_496	1
NC_000913.3_961	1
NC_000913.3_2245	2
NC_000913.3_2174	1
NC_000913.3_506	1
NC_000913.3_1092	1
NC_000913.3_1637	1
NC_000913.3_3281	1
NC_000913.3_4110	1
NC_000913.3_3266	1
NC_000913.3_1059	1
NC_000913.3_3527	1
NC_000913.3_1931	1
NC_000913.3_3017	1
NC_000913.3_3904	1
NC_000913.3_1596	1
NC_000913.3_1369	1
NC_000913.3_442	1
NC_000913.3_2761	2
NC_000913.3_3347	1
NC_000913.3_3897	1
NC_000913.3_2456	1
NC_000913.3_1771	1
NC_000913.3_1148	1
NC_000913.3_1859	1
NC_000913.3_2022	1
NC_000913.3_2687	1
NC_000913.3_3534	1
NC_000913.3_1364	1
NC_000913.3_2589	1
NC_000913.3_2564	1
NC_000913.3_3287	1
NC_000913.3_1131	1
NC_000913.3_3076	1
NC_000913.3_30	1
NC_000913.3_4049	1
NC_000913.3_912	1
NC_000913.3_150	1
NC_000913.3_2429	1
NC_000913.3_1211	1
NC_000913.3_1347	1
NC_000913.3_4218	1
NC_000913.3_69	2
NC_000913.3_3939	1
NC_000913.3_1657	1
NC_000913.3_1062	1
NC_000913.3_1078	1
NC_000913.3_1383	1
NC_000913.3_3547	1
NC_000913.3_3503	1
NC_000913.3_2706	3
NC_000913.3_3335	1
NC_000913.3_3979	1
NC_000913.3_1606	1
NC_000913.3_2951	1
NC_000913.3_1266	1
NC_000913.3_3850	1
NC_000913.3_3880	1
NC_000913.3_1185	1
NC_000913.3_1818	1
NC_000913.3_1028	2
NC_000913.3_2599	8
NC_000913.3_1109	1
NC_000913.3_2006	1
NC_000913.3_3322	1
NC_000913.3_702	1
NC_000913.3_3293	1
NC_000913.3_2403	1
NC_000913.3_2585	2
NC_000913.3_1480	1
NC_000913.3_2179	1
NC_000913.3_548	6
NC_000913.3_3981	2
NC_000913.3_361	1
NC_000913.3_2309	1
NC_000913.3_752	1
NC_000913.3_2773	1
NC_000913.3_3657	1
NC_000913.3_200	1
NC_000913.3_2995	1
NC_000913.3_687	1
NC_000913.3_242	1
NC_000913.3_324	1
NC_000913.3_435	2
NC_000913.3_2405	1
NC_000913.3_3434	1
NC_000913.3_2084	1
NC_000913.3_3152	3
NC_000913.3_1577	1
NC_000913.3_2606	1
NC_000913.3_322	1
NC_000913.3_4040	2
NC_000913.3_1616	1
NC_000913.3_2851	1
NC_000913.3_461	1
NC_000913.3_3232	1
NC_000913.3_719	6
NC_000913.3_1751	1
NC_000913.3_2142	1
NC_000913.3_1036	1
NC_000913.3_2821	1
NC_000913.3_3614	1
NC_000913.3_735	1
NC_000913.3_4281	1
NC_000913.3_330	1
NC_000913.3_2145	3
NC_000913.3_821	1
NC_000913.3_1725	1
NC_000913.3_112	2
NC_000913.3_3333	1
NC_000913.3_4069	1
NC_000913.3_1644	3
NC_000913.3_3962	1
NC_000913.3_1956	1
NC_000913.3_2991	1
NC_000913.3_3396	1
NC_000913.3_3618	1
NC_000913.3_1746	1
NC_000913.3_2416	1
NC_000913.3_3097	1
NC_000913.3_259	1
NC_000913.3_812	1
NC_000913.3_938	1
NC_000913.3_2275	1
NC_000913.3_3286	1
NC_000913.3_462	1
NC_000913.3_2462	1
NC_000913.3_2125	1
NC_000913.3_4003	1
NC_000913.3_1188	1
NC_000913.3_2963	1
NC_000913.3_161	1
NC_000913.3_399	1
NC_000913.3_1586	1
NC_000913.3_2702	1
NC_000913.3_1685	1
NC_000913.3_475	1
NC_000913.3_3813	1
NC_000913.3_2273	1
NC_000913.3_4280	1
NC_000913.3_339	1
NC_000913.3_1110	1
NC_000913.3_1727	1
NC_000913.3_2844	1
NC_000913.3_3465	1
NC_000913.3_1272	1
NC_000913.3_1717	1
NC_000913.3_1642	2
NC_000913.3_1557	1
NC_000913.3_842	1
NC_000913.3_3710	2
NC_000913.3_742	1
NC_000913.3_1843	1
NC_000913.3_1339	1
NC_000913.3_2423	1
NC_000913.3_1376	1
NC_000913.3_136	1
NC_000913.3_1736	1
NC_000913.3_118	2
NC_000913.3_4014	1
NC_000913.3_4100	1
NC_000913.3_3064	2
NC_000913.3_2629	4
NC_000913.3_93	4
NC_000913.3_2633	2
NC_000913.3_2134	4
NC_000913.3_3714	1
NC_000913.3_1009	1
NC_000913.3_2035	1
NC_000913.3_2410	1
NC_000913.3_3717	1
NC_000913.3_728	1
NC_000913.3_1807	1
NC_000913.3_2791	1
NC_000913.3_3105	1
NC_000913.3_3460	1
NC_000913.3_3437	1
NC_000913.3_4274	1
NC_000913.3_3518	1
NC_000913.3_4171	1
NC_000913.3_1126	1
NC_000913.3_2037	1
NC_000913.3_2539	1
NC_000913.3_3400	1
NC_000913.3_1960	1
NC_000913.3_1688	1
NC_000913.3_2707	2
NC_000913.3_3243	1
NC_000913.3_2781	1
NC_000913.3_2959	1
NC_000913.3_1884	1
NC_000913.3_4234	1
NC_000913.3_348	1
NC_000913.3_3595	1
NC_000913.3_394	1
NC_000913.3_4112	1
NC_000913.3_2164	8
NC_000913.3_608	1
NC_000913.3_1603	1
NC_000913.3_2750	1
NC_000913.3_2184	1
NC_000913.3_3087	1
NC_000913.3_3164	1
NC_000913.3_3404	1
NC_000913.3_2452	1
NC_000913.3_1471	1
NC_000913.3_1735	1
NC_000913.3_895	1
NC_000913.3_2088	1
NC_000913.3_4253	1
NC_000913.3_3664	1
NC_000913.3_81	1
NC_000913.3_245	1
NC_000913.3_866	1
NC_000913.3_2104	1
NC_000913.3_593	1
NC_000913.3_2616	1
NC_000913.3_116	1
NC_000913.3_831	1
NC_000913.3_2502	1
NC_000913.3_153	1
NC_000913.3_3072	1
NC_000913.3_3756	1
NC_000913.3_3031	1
NC_000913.3_188	1
NC_000913.3_203	1
NC_000913.3_747	2
NC_000913.3_1696	1
NC_000913.3_91	1
NC_000913.3_4285	1
NC_000913.3_2847	1
NC_000913.3_1327	2
NC_000913.3_565	1
NC_000913.3_3989	2
NC_000913.3_1906	1
NC_000913.3_3604	1
NC_000913.3_101	1
NC_000913.3_3647	1
NC_000913.3_3609	1
NC_000913.3_1971	1
NC_000913.3_1157	1
NC_000913.3_2151	1
NC_000913.3_3507	1
NC_000913.3_2366	1
NC_000913.3_1913	1
NC_000913.3_2833	1
NC_000913.3_3963	1
NC_000913.3_3485	1
NC_000913.3_3798	1
NC_000913.3_4113	1
NC_000913.3_1351	1
NC_000913.3_4192	3
NC_000913.3_3155	1
NC_000913.3_900	2
NC_000913.3_1527	6
NC_000913.3_1625	1
NC_000913.3_2457	5
NC_000913.3_3234	1
NC_000913.3_1519	1
NC_000913.3_1248	1
NC_000913.3_2902	2
NC_000913.3_2713	1
NC_000913.3_3321	1
NC_000913.3_1127	1
NC_000913.3_379	1
NC_000913.3_1582	1
NC_000913.3_1138	1
NC_000913.3_2840	1
NC_000913.3_3716	1
NC_000913.3_713	1
NC_000913.3_2225	1
NC_000913.3_1646	1
NC_000913.3_2537	1
NC_000913.3_1153	1
NC_000913.3_3227	3
NC_000913.3_3982	1
NC_000913.3_290	1
NC_000913.3_3663	1
NC_000913.3_3005	1
NC_000913.3_358	6
NC_000913.3_975	2
NC_000913.3_1338	1
NC_000913.3_3841	1
NC_000913.3_3734	1
NC_000913.3_2292	5
NC_000913.3_3387	2
NC_000913.3_4308	1
NC_000913.3_1690	1
NC_000913.3_1576	1
NC_000913.3_1775	1
NC_000913.3_2190	1
NC_000913.3_1367	1
NC_000913.3_3114	1
NC_000913.3_1526	1
NC_000913.3_1050	1
NC_000913.3_4017	4
NC_000913.3_605	1
NC_000913.3_3902	1
NC_000913.3_1232	1
NC_000913.3_995	1
NC_000913.3_1337	1
NC_000913.3_708	1
NC_000913.3_1139	1
NC_000913.3_1464	1
NC_000913.3_2101	1
NC_000913.3_2083	1
NC_000913.3_3627	1
NC_000913.3_2945	5
NC_000913.3_2949	1
NC_000913.3_485	1
NC_000913.3_1077	1
NC_000913.3_1163	1
NC_000913.3_344	1
NC_000913.3_1619	2
NC_000913.3_1170	1
NC_000913.3_2372	1
NC_000913.3_3863	1
NC_000913.3_4095	1
NC_000913.3_943	1
NC_000913.3_1629	1
NC_000913.3_165	1
NC_000913.3_2697	1
NC_000913.3_3256	1
NC_000913.3_3806	1
NC_000913.3_720	1
NC_000913.3_247	1
NC_000913.3_1658	1
NC_000913.3_1979	1
NC_000913.3_698	1
NC_000913.3_2297	1
NC_000913.3_1737	1
NC_000913.3_3768	1
NC_000913.3_3389	1
NC_000913.3_2825	1
NC_000913.3_2148	1
NC_000913.3_980	1
NC_000913.3_140	1
NC_000913.3_852	1
NC_000913.3_3427	1
NC_000913.3_2471	2
NC_000913.3_578	1
NC_000913.3_397	1
NC_000913.3_2434	1
NC_000913.3_2915	1
NC_000913.3_298	1
NC_000913.3_1523	1
NC_000913.3_2831	1
NC_000913.3_2330	1
NC_000913.3_3848	1
NC_000913.3_1615	3
NC_000913.3_2032	1
NC_000913.3_4228	1
NC_000913.3_1407	1
NC_000913.3_326	1
NC_000913.3_342	1
NC_000913.3_3588	1
NC_000913.3_3696	1
NC_000913.3_3948	1
NC_000913.3_667	1
NC_000913.3_3973	1
NC_000913.3_4223	1
NC_000913.3_1306	1
NC_000913.3_10	1
NC_000913.3_3043	2
NC_000913.3_4190	1
NC_000913.3_4262	1
NC_000913.3_1105	1
NC_000913.3_2343	2
NC_000913.3_3757	1
NC_000913.3_3868	1
NC_000913.3_4042	1
NC_000913.3_1633	1
NC_000913.3_3196	1
NC_000913.3_3053	2
NC_000913.3_3397	1
NC_000913.3_622	1
NC_000913.3_850	1
NC_000913.3_1719	1
NC_000913.3_3839	1
NC_000913.3_2974	1
NC_000913.3_53	1
NC_000913.3_501	1
NC_000913.3_1612	1
NC_000913.3_3815	1
NC_000913.3_3049	1
NC_000913.3_388	1
NC_000913.3_2602	1
NC_000913.3_4105	3
NC_000913.3_4121	1
NC_000913.3_1758	3
NC_000913.3_4174	1
NC_000913.3_3374	3
NC_000913.3_2843	1
NC_000913.3_14	1
NC_000913.3_1981	1
NC_000913.3_1863	3
NC_000913.3_4134	2
NC_000913.3_3384	1
NC_000913.3_569	4
NC_000913.3_646	1
NC_000913.3_2739	1
NC_000913.3_2802	1
NC_000913.3_609	1
NC_000913.3_3821	1
NC_000913.3_2055	1
NC_000913.3_4099	1
NC_000913.3_721	1
NC_000913.3_1575	1
NC_000913.3_2914	1
NC_000913.3_1227	3
NC_000913.3_868	1
NC_000913.3_560	1
NC_000913.3_3677	1
NC_000913.3_3170	1
NC_000913.3_1277	3
NC_000913.3_1911	18
NC_000913.3_426	1
NC_000913.3_1345	11
NC_000913.3_168	1
NC_000913.3_1357	1
NC_000913.3_1151	1
NC_000913.3_526	2
NC_000913.3_2296	2
NC_000913.3_2815	1
NC_000913.3_3012	1
NC_000913.3_1352	1
NC_000913.3_1768	1
NC_000913.3_1055	1
NC_000913.3_251	5
NC_000913.3_2877	1
NC_000913.3_626	1
NC_000913.3_4074	1
NC_000913.3_3484	2
NC_000913.3_378	6
NC_000913.3_2871	1
NC_000913.3_111	1
NC_000913.3_1030	1
NC_000913.3_2419	1
NC_000913.3_1489	1
NC_000913.3_2694	1
NC_000913.3_2566	1
NC_000913.3_3643	1
NC_000913.3_3443	1
NC_000913.3_3999	1
NC_000913.3_1204	1
NC_000913.3_288	1
NC_000913.3_2024	1
NC_000913.3_2300	1
NC_000913.3_2666	1
NC_000913.3_280	1
NC_000913.3_4169	1
NC_000913.3_2889	1
NC_000913.3_1602	1
NC_000913.3_428	1
NC_000913.3_1517	1
NC_000913.3_3134	1
NC_000913.3_2418	1
NC_000913.3_3930	1
NC_000913.3_1604	2
NC_000913.3_3474	1
NC_000913.3_1426	1
NC_000913.3_1721	1
NC_000913.3_2521	1
NC_000913.3_440	1
NC_000913.3_3995	1
NC_000913.3_160	1
NC_000913.3_1691	1
NC_000913.3_2654	1
NC_000913.3_2693	1
NC_000913.3_1455	1
NC_000913.3_4246	1
NC_000913.3_3099	1
NC_000913.3_670	1
NC_000913.3_2927	1
NC_000913.3_1069	1
NC_000913.3_2098	1
NC_000913.3_3578	1
NC_000913.3_2563	1
NC_000913.3_2233	1
NC_000913.3_1892	1
NC_000913.3_213	1
NC_000913.3_3476	1
NC_000913.3_1231	1
NC_000913.3_1102	1
NC_000913.3_2913	1
NC_000913.3_3769	1
NC_000913.3_32	1
NC_000913.3_3399	1
NC_000913.3_1325	1
NC_000913.3_374	1
NC_000913.3_3591	3
NC_000913.3_327	13
NC_000913.3_2130	1
NC_000913.3_2731	1
NC_000913.3_2998	1
NC_000913.3_1064	1
NC_000913.3_2828	1
NC_000913.3_1560	1
NC_000913.3_1262	1
NC_000913.3_973	2
NC_000913.3_2166	1
NC_000913.3_3111	1
NC_000913.3_3750	1
NC_000913.3_3899	1
NC_000913.3_3320	1
NC_000913.3_4269	1
NC_000913.3_2436	1
NC_000913.3_2021	1
NC_000913.3_1482	1
NC_000913.3_656	1
NC_000913.3_3331	3
NC_000913.3_2128	1
NC_000913.3_2430	1
NC_000913.3_4276	1
NC_000913.3_999	1
NC_000913.3_3860	1
NC_000913.3_3548	3
NC_000913.3_1795	1
NC_000913.3_248	1
NC_000913.3_90	1
NC_000913.3_1957	1
NC_000913.3_1076	1
NC_000913.3_2558	1
NC_000913.3_4007	1
NC_000913.3_2470	2
NC_000913.3_602	1
NC_000913.3_1896	1
NC_000913.3_62	1
NC_000913.3_2290	1
NC_000913.3_1794	1
NC_000913.3_3154	1
NC_000913.3_553	1
NC_000913.3_3381	3
NC_000913.3_1760	1
NC_000913.3_750	1
NC_000913.3_1355	1
NC_000913.3_404	1
NC_000913.3_3314	1
NC_000913.3_3336	2
NC_000913.3_1408	1
NC_000913.3_3188	1
NC_000913.3_1173	1
NC_000913.3_3998	1
NC_000913.3_2797	33
NC_000913.3_2189	1
NC_000913.3_2996	1
NC_000913.3_1933	1
NC_000913.3_416	1
NC_000913.3_810	1
NC_000913.3_4301	1
NC_000913.3_754	1
NC_000913.3_1857	2
NC_000913.3_691	1
NC_000913.3_2677	3
NC_000913.3_2141	2
NC_000913.3_1400	1
NC_000913.3_1605	1
NC_000913.3_563	1
NC_000913.3_2092	1
NC_000913.3_2574	1
NC_000913.3_3541	1
NC_000913.3_3911	1
NC_000913.3_1104	1
NC_000913.3_2460	1
NC_000913.3_500	1
NC_000913.3_2742	1
NC_000913.3_1944	1
NC_000913.3_1919	4
NC_000913.3_1773	15
NC_000913.3_226	1
NC_000913.3_3624	1
NC_000913.3_1079	1
NC_000913.3_1503	2
NC_000913.3_2352	1
NC_000913.3_1282	1
NC_000913.3_3814	1
NC_000913.3_4316	1
NC_000913.3_585	1
NC_000913.3_2820	1
NC_000913.3_1484	1
NC_000913.3_418	1
NC_000913.3_3919	1
NC_000913.3_2012	1
