source	target	abs_weight	norm_weight
NC_000913.3_1428	NC_000913.3_3411	1	0.5
NC_000913.3_1428	NC_000913.3_3528	1	0.5
NC_000913.3_4202	NC_000913.3_4201	1	1.0
NC_000913.3_4202	NC_000913.3_4203	1	1.0
NC_000913.3_3499	NC_000913.3_2317	1	0.25
NC_000913.3_3499	NC_000913.3_1221	1	0.5
NC_000913.3_607	NC_000913.3_606	1	1.0
NC_000913.3_607	NC_000913.3_608	1	1.0
NC_000913.3_680	NC_000913.3_679	1	1.0
NC_000913.3_680	NC_000913.3_681	1	1.0
NC_000913.3_3869	NC_000913.3_1908	1	0.09090909090909091
NC_000913.3_1040	NC_000913.3_1039	1	1.0
NC_000913.3_1040	NC_000913.3_833	1	0.16666666666666666
NC_000913.3_2775	NC_000913.3_2774	1	1.0
NC_000913.3_54	NC_000913.3_55	1	1.0
NC_000913.3_70	NC_000913.3_71	1	1.0
NC_000913.3_1065	NC_000913.3_1064	1	1.0
NC_000913.3_3711	NC_000913.3_3279	1	0.25
NC_000913.3_3711	NC_000913.3_3712	1	1.0
NC_000913.3_3883	NC_000913.3_3884	1	1.0
NC_000913.3_3478	NC_000913.3_1312	1	0.5
NC_000913.3_3478	NC_000913.3_1314	1	0.5
NC_000913.3_3048	NC_000913.3_3049	1	1.0
NC_000913.3_2774	NC_000913.3_2773	1	1.0
NC_000913.3_2632	NC_000913.3_2633	1	0.5
NC_000913.3_2859	NC_000913.3_1118	1	0.125
NC_000913.3_2859	NC_000913.3_1120	1	0.125
NC_000913.3_2859	NC_000913.3_2102	1	0.006944444444444444
NC_000913.3_2859	NC_000913.3_3238	1	0.125
NC_000913.3_4039	NC_000913.3_3002	1	0.5
NC_000913.3_3393	NC_000913.3_1432	1	0.16666666666666666
NC_000913.3_1091	NC_000913.3_1090	1	1.0
NC_000913.3_1091	NC_000913.3_1092	1	1.0
NC_000913.3_2467	NC_000913.3_2468	1	1.0
NC_000913.3_3418	NC_000913.3_3419	1	1.0
NC_000913.3_926	NC_000913.3_927	1	1.0
NC_000913.3_532	NC_000913.3_533	1	1.0
NC_000913.3_3172	NC_000913.3_2102	1	0.006944444444444444
NC_000913.3_3172	NC_000913.3_1366	1	0.125
NC_000913.3_3172	NC_000913.3_1773	1	0.008333333333333333
NC_000913.3_3172	NC_000913.3_2493	1	0.125
NC_000913.3_1298	NC_000913.3_2921	1	1.0
NC_000913.3_2057	NC_000913.3_1750	1	0.04
NC_000913.3_3635	NC_000913.3_3636	1	1.0
NC_000913.3_725	NC_000913.3_724	1	1.0
NC_000913.3_725	NC_000913.3_726	1	1.0
NC_000913.3_913	NC_000913.3_912	1	1.0
NC_000913.3_2522	NC_000913.3_2521	1	1.0
NC_000913.3_2678	NC_000913.3_3152	1	0.3333333333333333
NC_000913.3_2678	NC_000913.3_1249	1	1.0
NC_000913.3_1454	NC_000913.3_2905	1	0.3333333333333333
NC_000913.3_1184	NC_000913.3_1183	1	1.0
NC_000913.3_1184	NC_000913.3_1185	1	1.0
NC_000913.3_106	NC_000913.3_105	1	1.0
NC_000913.3_3310	NC_000913.3_1659	1	0.2
NC_000913.3_3310	NC_000913.3_1258	1	0.05
NC_000913.3_3310	NC_000913.3_2922	1	0.1
NC_000913.3_3310	NC_000913.3_158	1	0.03333333333333333
NC_000913.3_3310	NC_000913.3_3668	1	0.2
NC_000913.3_2807	NC_000913.3_1329	1	1.0
NC_000913.3_3519	NC_000913.3_1021	1	0.25
NC_000913.3_571	NC_000913.3_1006	1	0.14285714285714285
NC_000913.3_571	NC_000913.3_3135	1	0.14285714285714285
NC_000913.3_571	NC_000913.3_4078	1	0.14285714285714285
NC_000913.3_571	NC_000913.3_2426	1	0.03571428571428571
NC_000913.3_571	NC_000913.3_3232	1	0.14285714285714285
NC_000913.3_571	NC_000913.3_3234	1	0.14285714285714285
NC_000913.3_571	NC_000913.3_4104	1	0.07142857142857142
NC_000913.3_690	NC_000913.3_691	1	1.0
NC_000913.3_458	NC_000913.3_1188	1	1.0
NC_000913.3_2786	NC_000913.3_2785	1	0.5
NC_000913.3_2208	NC_000913.3_2209	1	1.0
NC_000913.3_2483	NC_000913.3_344	1	0.25
NC_000913.3_2483	NC_000913.3_1839	1	0.25
NC_000913.3_2483	NC_000913.3_4023	1	0.25
NC_000913.3_1223	NC_000913.3_3193	1	0.14285714285714285
NC_000913.3_1417	NC_000913.3_1418	1	1.0
NC_000913.3_1125	NC_000913.3_1124	1	1.0
NC_000913.3_2635	NC_000913.3_3249	1	0.5
NC_000913.3_1733	NC_000913.3_1732	1	1.0
NC_000913.3_1733	NC_000913.3_1734	1	1.0
NC_000913.3_2628	NC_000913.3_3696	1	0.5
NC_000913.3_2628	NC_000913.3_3698	1	0.5
NC_000913.3_1796	NC_000913.3_1795	1	1.0
NC_000913.3_2023	NC_000913.3_2022	1	1.0
NC_000913.3_2023	NC_000913.3_2024	1	1.0
NC_000913.3_1728	NC_000913.3_1729	1	1.0
NC_000913.3_3069	NC_000913.3_3068	1	1.0
NC_000913.3_2896	NC_000913.3_2897	1	1.0
NC_000913.3_1673	NC_000913.3_1863	1	0.16666666666666666
NC_000913.3_1673	NC_000913.3_90	1	0.5
NC_000913.3_1524	NC_000913.3_1348	1	1.0
NC_000913.3_1524	NC_000913.3_549	1	1.0
NC_000913.3_2458	NC_000913.3_2457	1	0.2
NC_000913.3_3466	NC_000913.3_3220	1	0.25
NC_000913.3_3551	NC_000913.3_3552	1	0.5
NC_000913.3_130	NC_000913.3_370	1	0.25
NC_000913.3_130	NC_000913.3_1341	1	0.08333333333333333
NC_000913.3_130	NC_000913.3_3055	1	0.25
NC_000913.3_2842	NC_000913.3_2841	1	1.0
NC_000913.3_2842	NC_000913.3_2843	1	1.0
NC_000913.3_1234	NC_000913.3_1235	1	1.0
NC_000913.3_4226	NC_000913.3_4225	1	1.0
NC_000913.3_1609	NC_000913.3_1608	1	1.0
NC_000913.3_1609	NC_000913.3_1610	1	1.0
NC_000913.3_773	NC_000913.3_772	1	1.0
NC_000913.3_3535	NC_000913.3_3534	1	1.0
NC_000913.3_505	NC_000913.3_504	1	1.0
NC_000913.3_505	NC_000913.3_506	1	1.0
NC_000913.3_2698	NC_000913.3_2697	1	1.0
NC_000913.3_2698	NC_000913.3_2699	1	1.0
NC_000913.3_79	NC_000913.3_78	1	1.0
NC_000913.3_79	NC_000913.3_80	1	1.0
NC_000913.3_3334	NC_000913.3_3333	1	1.0
NC_000913.3_1398	NC_000913.3_2991	1	0.3333333333333333
NC_000913.3_1398	NC_000913.3_537	1	0.3333333333333333
NC_000913.3_41	NC_000913.3_3887	1	0.5
NC_000913.3_41	NC_000913.3_627	1	0.5
NC_000913.3_41	NC_000913.3_629	1	0.5
NC_000913.3_2596	NC_000913.3_1321	1	0.3333333333333333
NC_000913.3_1888	NC_000913.3_1161	1	0.5
NC_000913.3_874	NC_000913.3_3044	1	0.5
NC_000913.3_1473	NC_000913.3_1472	1	1.0
NC_000913.3_1550	NC_000913.3_3175	1	0.3333333333333333
NC_000913.3_3574	NC_000913.3_3657	1	1.0
NC_000913.3_3477	NC_000913.3_3602	1	1.0
NC_000913.3_3477	NC_000913.3_3604	1	1.0
NC_000913.3_3283	NC_000913.3_3282	1	0.5
NC_000913.3_3283	NC_000913.3_2945	1	0.1
NC_000913.3_2042	NC_000913.3_2041	1	0.25
NC_000913.3_2042	NC_000913.3_3198	1	0.125
NC_000913.3_422	NC_000913.3_1542	1	0.14285714285714285
NC_000913.3_422	NC_000913.3_661	1	0.0625
NC_000913.3_1145	NC_000913.3_3373	1	0.2
NC_000913.3_1145	NC_000913.3_1146	1	1.0
NC_000913.3_3947	NC_000913.3_2599	1	0.125
NC_000913.3_1023	NC_000913.3_1022	1	1.0
NC_000913.3_2658	NC_000913.3_2659	1	1.0
NC_000913.3_771	NC_000913.3_770	1	1.0
NC_000913.3_771	NC_000913.3_772	1	1.0
NC_000913.3_47	NC_000913.3_48	1	1.0
NC_000913.3_2284	NC_000913.3_3613	1	0.5
NC_000913.3_2721	NC_000913.3_2722	1	1.0
NC_000913.3_266	NC_000913.3_267	1	1.0
NC_000913.3_1358	NC_000913.3_1357	1	1.0
NC_000913.3_1358	NC_000913.3_1359	1	1.0
NC_000913.3_4160	NC_000913.3_4159	1	1.0
NC_000913.3_2004	NC_000913.3_2003	1	0.5
NC_000913.3_2004	NC_000913.3_2901	1	0.25
NC_000913.3_4114	NC_000913.3_4113	1	1.0
NC_000913.3_4114	NC_000913.3_4115	1	1.0
NC_000913.3_66	NC_000913.3_3932	1	1.0
NC_000913.3_2752	NC_000913.3_2751	1	1.0
NC_000913.3_3565	NC_000913.3_3564	1	1.0
NC_000913.3_3565	NC_000913.3_3566	1	1.0
NC_000913.3_3683	NC_000913.3_3684	1	1.0
NC_000913.3_2971	NC_000913.3_2972	1	1.0
NC_000913.3_2254	NC_000913.3_2253	1	1.0
NC_000913.3_2254	NC_000913.3_2255	1	1.0
NC_000913.3_2394	NC_000913.3_3608	1	0.3333333333333333
NC_000913.3_208	NC_000913.3_209	1	1.0
NC_000913.3_3241	NC_000913.3_2408	1	0.2
NC_000913.3_3241	NC_000913.3_1919	1	0.25
NC_000913.3_1530	NC_000913.3_1529	1	1.0
NC_000913.3_1530	NC_000913.3_1531	1	1.0
NC_000913.3_804	NC_000913.3_803	1	1.0
NC_000913.3_2529	NC_000913.3_3193	1	0.14285714285714285
NC_000913.3_1286	NC_000913.3_3053	1	0.25
NC_000913.3_1286	NC_000913.3_1287	1	0.5
NC_000913.3_1990	NC_000913.3_1989	1	1.0
NC_000913.3_1990	NC_000913.3_1991	1	1.0
NC_000913.3_3039	NC_000913.3_42	1	0.5
NC_000913.3_3039	NC_000913.3_1222	1	0.16666666666666666
NC_000913.3_4309	NC_000913.3_930	1	0.5
NC_000913.3_349	NC_000913.3_414	1	1.0
NC_000913.3_3826	NC_000913.3_3688	1	0.08333333333333333
NC_000913.3_1579	NC_000913.3_1578	1	1.0
NC_000913.3_4148	NC_000913.3_2102	1	0.027777777777777776
NC_000913.3_3501	NC_000913.3_3500	1	0.5
NC_000913.3_949	NC_000913.3_1181	1	0.5
NC_000913.3_949	NC_000913.3_950	1	1.0
NC_000913.3_2060	NC_000913.3_2964	1	1.0
NC_000913.3_2060	NC_000913.3_470	1	0.5
NC_000913.3_3297	NC_000913.3_2459	1	0.5
NC_000913.3_2969	NC_000913.3_4256	1	0.07692307692307693
NC_000913.3_187	NC_000913.3_186	1	1.0
NC_000913.3_187	NC_000913.3_188	1	1.0
NC_000913.3_2675	NC_000913.3_2674	1	1.0
NC_000913.3_556	NC_000913.3_557	1	1.0
NC_000913.3_645	NC_000913.3_646	1	1.0
NC_000913.3_3349	NC_000913.3_3348	1	1.0
NC_000913.3_1632	NC_000913.3_354	3	0.08333333333333333
NC_000913.3_3655	NC_000913.3_3654	1	1.0
NC_000913.3_2210	NC_000913.3_2209	1	1.0
NC_000913.3_2277	NC_000913.3_2276	1	1.0
NC_000913.3_2277	NC_000913.3_2278	1	1.0
NC_000913.3_731	NC_000913.3_569	1	0.125
NC_000913.3_3941	NC_000913.3_3940	1	1.0
NC_000913.3_1742	NC_000913.3_2457	1	0.2
NC_000913.3_856	NC_000913.3_4183	1	1.0
NC_000913.3_1496	NC_000913.3_2317	1	0.25
NC_000913.3_306	NC_000913.3_3346	1	0.5
NC_000913.3_306	NC_000913.3_307	1	1.0
NC_000913.3_3891	NC_000913.3_3890	1	1.0
NC_000913.3_2127	NC_000913.3_2126	1	1.0
NC_000913.3_1864	NC_000913.3_954	1	0.3333333333333333
NC_000913.3_2740	NC_000913.3_1986	1	1.0
NC_000913.3_2740	NC_000913.3_1988	1	1.0
NC_000913.3_2975	NC_000913.3_2974	1	1.0
NC_000913.3_3481	NC_000913.3_3480	1	1.0
NC_000913.3_1087	NC_000913.3_4137	1	0.16666666666666666
NC_000913.3_1087	NC_000913.3_833	1	0.05555555555555555
NC_000913.3_1087	NC_000913.3_767	1	0.3333333333333333
NC_000913.3_3126	NC_000913.3_3125	1	1.0
NC_000913.3_3126	NC_000913.3_3127	1	1.0
NC_000913.3_2203	NC_000913.3_3412	1	0.3333333333333333
NC_000913.3_1651	NC_000913.3_1650	1	1.0
NC_000913.3_2252	NC_000913.3_1911	1	0.05555555555555555
NC_000913.3_2249	NC_000913.3_2164	1	0.125
NC_000913.3_2249	NC_000913.3_2250	1	1.0
NC_000913.3_1021	NC_000913.3_1199	1	0.25
NC_000913.3_1021	NC_000913.3_1201	1	0.25
NC_000913.3_1021	NC_000913.3_1466	1	0.25
NC_000913.3_3426	NC_000913.3_3427	1	1.0
NC_000913.3_2950	NC_000913.3_2949	1	1.0
NC_000913.3_3722	NC_000913.3_3721	1	1.0
NC_000913.3_998	NC_000913.3_999	1	1.0
NC_000913.3_2690	NC_000913.3_2691	1	1.0
NC_000913.3_4091	NC_000913.3_4092	1	1.0
NC_000913.3_1810	NC_000913.3_1809	1	0.3333333333333333
NC_000913.3_2322	NC_000913.3_2323	1	1.0
NC_000913.3_3275	NC_000913.3_3274	1	1.0
NC_000913.3_4025	NC_000913.3_243	1	0.0625
NC_000913.3_4025	NC_000913.3_2630	1	0.25
NC_000913.3_4025	NC_000913.3_250	1	0.08333333333333333
NC_000913.3_1370	NC_000913.3_1369	1	1.0
NC_000913.3_3562	NC_000913.3_3561	1	1.0
NC_000913.3_3562	NC_000913.3_3563	1	1.0
NC_000913.3_3554	NC_000913.3_2765	1	1.0
NC_000913.3_2305	NC_000913.3_2304	1	1.0
NC_000913.3_2305	NC_000913.3_2306	1	1.0
NC_000913.3_3212	NC_000913.3_3211	1	1.0
NC_000913.3_3212	NC_000913.3_3213	1	1.0
NC_000913.3_498	NC_000913.3_497	1	1.0
NC_000913.3_843	NC_000913.3_844	1	1.0
NC_000913.3_1943	NC_000913.3_3688	1	0.08333333333333333
NC_000913.3_2758	NC_000913.3_1931	1	0.5
NC_000913.3_2758	NC_000913.3_2759	1	0.5
NC_000913.3_1936	NC_000913.3_355	1	0.2
NC_000913.3_1936	NC_000913.3_357	1	0.2
NC_000913.3_4150	NC_000913.3_2726	1	0.25
NC_000913.3_4150	NC_000913.3_1725	1	0.5
NC_000913.3_2507	NC_000913.3_2506	1	1.0
NC_000913.3_2507	NC_000913.3_2508	1	1.0
NC_000913.3_2830	NC_000913.3_2829	1	1.0
NC_000913.3_1853	NC_000913.3_1852	1	1.0
NC_000913.3_27	NC_000913.3_26	1	1.0
NC_000913.3_3057	NC_000913.3_3058	1	1.0
NC_000913.3_463	NC_000913.3_462	1	1.0
NC_000913.3_3515	NC_000913.3_3514	1	1.0
NC_000913.3_3515	NC_000913.3_3516	1	1.0
NC_000913.3_2446	NC_000913.3_2445	1	1.0
NC_000913.3_2970	NC_000913.3_2384	1	1.0
NC_000913.3_603	NC_000913.3_2604	1	1.0
NC_000913.3_2171	NC_000913.3_2170	1	1.0
NC_000913.3_2171	NC_000913.3_2172	1	1.0
NC_000913.3_2302	NC_000913.3_2303	1	1.0
NC_000913.3_3917	NC_000913.3_3381	1	0.3333333333333333
NC_000913.3_2323	NC_000913.3_2729	1	0.25
NC_000913.3_2641	NC_000913.3_2640	1	1.0
NC_000913.3_389	NC_000913.3_390	1	1.0
NC_000913.3_3217	NC_000913.3_3218	1	1.0
NC_000913.3_1421	NC_000913.3_661	1	0.0625
NC_000913.3_871	NC_000913.3_870	1	1.0
NC_000913.3_871	NC_000913.3_3835	1	1.0
NC_000913.3_2167	NC_000913.3_2166	1	1.0
NC_000913.3_2167	NC_000913.3_2168	1	1.0
NC_000913.3_2508	NC_000913.3_2223	1	0.125
NC_000913.3_3462	NC_000913.3_3461	1	1.0
NC_000913.3_3462	NC_000913.3_52	1	1.0
NC_000913.3_3812	NC_000913.3_3811	1	1.0
NC_000913.3_3812	NC_000913.3_3813	1	1.0
NC_000913.3_3464	NC_000913.3_3465	1	1.0
NC_000913.3_1903	NC_000913.3_2173	1	0.015151515151515152
NC_000913.3_2550	NC_000913.3_2551	1	1.0
NC_000913.3_1687	NC_000913.3_1688	1	1.0
NC_000913.3_3670	NC_000913.3_590	1	0.5
NC_000913.3_3670	NC_000913.3_3671	1	1.0
NC_000913.3_1101	NC_000913.3_2967	1	1.0
NC_000913.3_489	NC_000913.3_1433	1	1.0
NC_000913.3_3525	NC_000913.3_265	1	0.25
NC_000913.3_3673	NC_000913.3_1575	1	1.0
NC_000913.3_1504	NC_000913.3_2756	1	0.5
NC_000913.3_1154	NC_000913.3_1908	1	0.09090909090909091
NC_000913.3_2231	NC_000913.3_2230	1	1.0
NC_000913.3_2231	NC_000913.3_2232	1	1.0
NC_000913.3_2075	NC_000913.3_2074	1	1.0
NC_000913.3_2075	NC_000913.3_2076	1	1.0
NC_000913.3_1446	NC_000913.3_1447	1	0.5
NC_000913.3_1827	NC_000913.3_3985	1	1.0
NC_000913.3_1849	NC_000913.3_3064	1	0.08333333333333333
NC_000913.3_1849	NC_000913.3_1892	1	0.16666666666666666
NC_000913.3_1849	NC_000913.3_4079	1	0.16666666666666666
NC_000913.3_83	NC_000913.3_82	1	1.0
NC_000913.3_83	NC_000913.3_84	1	0.5
NC_000913.3_3364	NC_000913.3_3795	1	0.5
NC_000913.3_4178	NC_000913.3_4179	1	1.0
NC_000913.3_3174	NC_000913.3_3175	1	1.0
NC_000913.3_2988	NC_000913.3_2987	1	1.0
NC_000913.3_2988	NC_000913.3_3557	1	0.2
NC_000913.3_1650	NC_000913.3_1649	1	1.0
NC_000913.3_1669	NC_000913.3_1668	1	1.0
NC_000913.3_1669	NC_000913.3_1670	1	1.0
NC_000913.3_916	NC_000913.3_915	1	1.0
NC_000913.3_916	NC_000913.3_917	1	1.0
NC_000913.3_1128	NC_000913.3_1127	1	1.0
NC_000913.3_2230	NC_000913.3_2229	1	1.0
NC_000913.3_2282	NC_000913.3_2283	1	1.0
NC_000913.3_2160	NC_000913.3_2161	1	1.0
NC_000913.3_439	NC_000913.3_440	1	1.0
NC_000913.3_2345	NC_000913.3_833	1	0.16666666666666666
NC_000913.3_4200	NC_000913.3_4201	1	1.0
NC_000913.3_1278	NC_000913.3_3513	1	1.0
NC_000913.3_275	NC_000913.3_274	1	1.0
NC_000913.3_98	NC_000913.3_68	1	0.5
NC_000913.3_98	NC_000913.3_99	1	1.0
NC_000913.3_1402	NC_000913.3_1282	1	0.125
NC_000913.3_1402	NC_000913.3_601	1	0.041666666666666664
NC_000913.3_1402	NC_000913.3_1112	1	0.125
NC_000913.3_3084	NC_000913.3_537	1	1.0
NC_000913.3_3084	NC_000913.3_3085	1	1.0
NC_000913.3_2264	NC_000913.3_2263	1	1.0
NC_000913.3_3894	NC_000913.3_3895	1	1.0
NC_000913.3_2002	NC_000913.3_2001	1	1.0
NC_000913.3_2002	NC_000913.3_2003	1	0.5
NC_000913.3_1195	NC_000913.3_1196	1	1.0
NC_000913.3_3729	NC_000913.3_3728	1	1.0
NC_000913.3_2559	NC_000913.3_2558	1	1.0
NC_000913.3_4216	NC_000913.3_4217	1	1.0
NC_000913.3_334	NC_000913.3_333	1	1.0
NC_000913.3_1793	NC_000913.3_3791	1	0.16666666666666666
NC_000913.3_314	NC_000913.3_313	1	1.0
NC_000913.3_314	NC_000913.3_3183	1	0.3333333333333333
NC_000913.3_3832	NC_000913.3_3833	1	1.0
NC_000913.3_544	NC_000913.3_548	1	0.16666666666666666
NC_000913.3_544	NC_000913.3_545	1	1.0
NC_000913.3_3879	NC_000913.3_2065	1	0.5
NC_000913.3_454	NC_000913.3_3198	1	0.25
NC_000913.3_3130	NC_000913.3_3129	1	1.0
NC_000913.3_3130	NC_000913.3_3131	1	1.0
NC_000913.3_3214	NC_000913.3_3213	1	1.0
NC_000913.3_2350	NC_000913.3_2349	1	1.0
NC_000913.3_2350	NC_000913.3_2351	1	1.0
NC_000913.3_3312	NC_000913.3_2599	1	0.125
NC_000913.3_4085	NC_000913.3_4084	1	1.0
NC_000913.3_4085	NC_000913.3_4086	1	0.5
NC_000913.3_351	NC_000913.3_352	1	1.0
NC_000913.3_2695	NC_000913.3_2696	1	1.0
NC_000913.3_3090	NC_000913.3_191	1	0.3333333333333333
NC_000913.3_3090	NC_000913.3_2943	1	0.3333333333333333
NC_000913.3_3090	NC_000913.3_2797	1	0.010101010101010102
NC_000913.3_1506	NC_000913.3_1507	1	1.0
NC_000913.3_2715	NC_000913.3_2716	1	1.0
NC_000913.3_279	NC_000913.3_280	1	1.0
NC_000913.3_227	NC_000913.3_226	1	1.0
NC_000913.3_338	NC_000913.3_4294	1	1.0
NC_000913.3_74	NC_000913.3_1510	1	0.16666666666666666
NC_000913.3_74	NC_000913.3_834	1	0.5
NC_000913.3_1812	NC_000913.3_4182	1	0.125
NC_000913.3_3416	NC_000913.3_3415	1	1.0
NC_000913.3_1499	NC_000913.3_2245	1	0.5
NC_000913.3_3825	NC_000913.3_3824	1	1.0
NC_000913.3_2417	NC_000913.3_2418	1	1.0
NC_000913.3_671	NC_000913.3_670	1	1.0
NC_000913.3_3409	NC_000913.3_3408	1	1.0
NC_000913.3_3773	NC_000913.3_3774	1	1.0
NC_000913.3_3074	NC_000913.3_3073	1	1.0
NC_000913.3_3074	NC_000913.3_3075	1	1.0
NC_000913.3_1465	NC_000913.3_1464	1	1.0
NC_000913.3_12	NC_000913.3_11	1	1.0
NC_000913.3_31	NC_000913.3_30	1	1.0
NC_000913.3_2048	NC_000913.3_3853	1	0.5
NC_000913.3_3203	NC_000913.3_3204	1	1.0
NC_000913.3_3094	NC_000913.3_3093	1	1.0
NC_000913.3_1235	NC_000913.3_3401	1	0.3333333333333333
NC_000913.3_3133	NC_000913.3_3132	1	1.0
NC_000913.3_3133	NC_000913.3_3134	1	1.0
NC_000913.3_2288	NC_000913.3_1911	1	0.05555555555555555
NC_000913.3_1186	NC_000913.3_1185	1	1.0
NC_000913.3_2016	NC_000913.3_2015	1	1.0
NC_000913.3_2016	NC_000913.3_2017	1	1.0
NC_000913.3_2776	NC_000913.3_2777	1	1.0
NC_000913.3_1124	NC_000913.3_1123	1	1.0
NC_000913.3_2653	NC_000913.3_2654	1	1.0
NC_000913.3_3510	NC_000913.3_3511	1	0.5
NC_000913.3_1212	NC_000913.3_1227	1	0.3333333333333333
NC_000913.3_806	NC_000913.3_805	1	1.0
NC_000913.3_806	NC_000913.3_807	1	1.0
NC_000913.3_3631	NC_000913.3_3630	1	1.0
NC_000913.3_1106	NC_000913.3_1107	1	1.0
NC_000913.3_1542	NC_000913.3_1046	1	0.14285714285714285
NC_000913.3_1542	NC_000913.3_1048	1	0.14285714285714285
NC_000913.3_1542	NC_000913.3_420	1	0.14285714285714285
NC_000913.3_142	NC_000913.3_141	1	1.0
NC_000913.3_2115	NC_000913.3_2116	1	1.0
NC_000913.3_3092	NC_000913.3_472	1	0.5
NC_000913.3_3204	NC_000913.3_3205	1	1.0
NC_000913.3_2792	NC_000913.3_2793	1	1.0
NC_000913.3_1891	NC_000913.3_1892	1	1.0
NC_000913.3_3976	NC_000913.3_1918	1	0.125
NC_000913.3_3976	NC_000913.3_1920	1	0.125
NC_000913.3_3976	NC_000913.3_4138	1	0.125
NC_000913.3_3976	NC_000913.3_197	1	0.025
NC_000913.3_3976	NC_000913.3_521	1	0.0625
NC_000913.3_3976	NC_000913.3_3023	1	0.0625
NC_000913.3_3976	NC_000913.3_2599	1	0.015625
NC_000913.3_4233	NC_000913.3_4232	1	1.0
NC_000913.3_4233	NC_000913.3_4234	1	1.0
NC_000913.3_2161	NC_000913.3_2041	1	0.5
NC_000913.3_1763	NC_000913.3_2106	1	0.16666666666666666
NC_000913.3_243	NC_000913.3_2475	1	0.05
NC_000913.3_243	NC_000913.3_2720	1	0.25
NC_000913.3_474	NC_000913.3_859	1	0.5
NC_000913.3_474	NC_000913.3_1576	1	0.5
NC_000913.3_2937	NC_000913.3_2936	1	1.0
NC_000913.3_2937	NC_000913.3_661	1	0.0625
NC_000913.3_2170	NC_000913.3_2169	1	0.5
NC_000913.3_2183	NC_000913.3_2184	1	1.0
NC_000913.3_2583	NC_000913.3_954	1	0.3333333333333333
NC_000913.3_486	NC_000913.3_487	1	1.0
NC_000913.3_1114	NC_000913.3_2274	1	0.5
NC_000913.3_332	NC_000913.3_333	1	1.0
NC_000913.3_3162	NC_000913.3_3163	1	1.0
NC_000913.3_39	NC_000913.3_40	1	0.5
NC_000913.3_1197	NC_000913.3_2082	1	0.5
NC_000913.3_841	NC_000913.3_840	1	1.0
NC_000913.3_3585	NC_000913.3_3584	1	1.0
NC_000913.3_3585	NC_000913.3_3586	1	1.0
NC_000913.3_3131	NC_000913.3_3132	1	1.0
NC_000913.3_937	NC_000913.3_1327	1	0.5
NC_000913.3_3637	NC_000913.3_3636	1	1.0
NC_000913.3_3637	NC_000913.3_3638	1	1.0
NC_000913.3_3329	NC_000913.3_3328	1	1.0
NC_000913.3_3329	NC_000913.3_2102	1	0.05555555555555555
NC_000913.3_193	NC_000913.3_194	1	1.0
NC_000913.3_559	NC_000913.3_560	1	1.0
NC_000913.3_2455	NC_000913.3_2454	1	1.0
NC_000913.3_2455	NC_000913.3_2456	1	1.0
NC_000913.3_705	NC_000913.3_2599	1	0.125
NC_000913.3_2941	NC_000913.3_411	1	0.125
NC_000913.3_3780	NC_000913.3_1483	1	0.09090909090909091
NC_000913.3_3780	NC_000913.3_2581	1	0.09090909090909091
NC_000913.3_3780	NC_000913.3_4256	1	0.006993006993006993
NC_000913.3_3780	NC_000913.3_3246	1	0.09090909090909091
NC_000913.3_1011	NC_000913.3_3923	1	0.5
NC_000913.3_1240	NC_000913.3_413	1	1.0
NC_000913.3_1240	NC_000913.3_1241	1	1.0
NC_000913.3_4044	NC_000913.3_4197	1	1.0
NC_000913.3_2163	NC_000913.3_2041	1	0.5
NC_000913.3_2163	NC_000913.3_2164	1	0.125
NC_000913.3_2730	NC_000913.3_293	1	0.2
NC_000913.3_631	NC_000913.3_632	1	1.0
NC_000913.3_3720	NC_000913.3_3719	1	1.0
NC_000913.3_3720	NC_000913.3_3721	1	1.0
NC_000913.3_2723	NC_000913.3_2722	1	0.3333333333333333
NC_000913.3_2723	NC_000913.3_2724	1	0.3333333333333333
NC_000913.3_1453	NC_000913.3_3170	1	1.0
NC_000913.3_1120	NC_000913.3_2471	1	0.5
NC_000913.3_133	NC_000913.3_132	1	1.0
NC_000913.3_133	NC_000913.3_134	1	1.0
NC_000913.3_3078	NC_000913.3_3079	1	1.0
NC_000913.3_452	NC_000913.3_2531	1	1.0
NC_000913.3_2493	NC_000913.3_2494	1	1.0
NC_000913.3_3803	NC_000913.3_3804	1	1.0
NC_000913.3_2216	NC_000913.3_2215	1	1.0
NC_000913.3_984	NC_000913.3_983	1	1.0
NC_000913.3_984	NC_000913.3_985	1	1.0
NC_000913.3_4303	NC_000913.3_4302	1	1.0
NC_000913.3_807	NC_000913.3_808	1	1.0
NC_000913.3_503	NC_000913.3_1657	1	1.0
NC_000913.3_1860	NC_000913.3_1859	1	1.0
NC_000913.3_1860	NC_000913.3_1861	1	1.0
NC_000913.3_1940	NC_000913.3_1939	1	1.0
NC_000913.3_1419	NC_000913.3_1418	1	1.0
NC_000913.3_1419	NC_000913.3_1420	1	1.0
NC_000913.3_3230	NC_000913.3_3764	1	1.0
NC_000913.3_3230	NC_000913.3_1773	1	0.06666666666666667
NC_000913.3_241	NC_000913.3_2471	1	0.5
NC_000913.3_241	NC_000913.3_242	1	1.0
NC_000913.3_5	NC_000913.3_1256	1	0.16666666666666666
NC_000913.3_5	NC_000913.3_2102	1	0.009259259259259259
NC_000913.3_5	NC_000913.3_1222	1	0.027777777777777776
NC_000913.3_3422	NC_000913.3_1102	1	0.5
NC_000913.3_1044	NC_000913.3_1380	1	1.0
NC_000913.3_1013	NC_000913.3_3923	1	0.5
NC_000913.3_1013	NC_000913.3_1014	1	1.0
NC_000913.3_3380	NC_000913.3_3379	1	1.0
NC_000913.3_925	NC_000913.3_924	1	1.0
NC_000913.3_256	NC_000913.3_255	1	1.0
NC_000913.3_736	NC_000913.3_735	1	1.0
NC_000913.3_3071	NC_000913.3_3072	1	1.0
NC_000913.3_2424	NC_000913.3_2423	1	1.0
NC_000913.3_2424	NC_000913.3_2425	1	1.0
NC_000913.3_1750	NC_000913.3_1554	1	0.04
NC_000913.3_1750	NC_000913.3_2429	1	0.04
NC_000913.3_1750	NC_000913.3_2591	1	0.02
NC_000913.3_1750	NC_000913.3_3215	1	0.04
NC_000913.3_1750	NC_000913.3_850	1	0.04
NC_000913.3_1750	NC_000913.3_1207	1	0.02
NC_000913.3_1750	NC_000913.3_1751	1	0.04
NC_000913.3_1750	NC_000913.3_2964	1	0.04
NC_000913.3_1750	NC_000913.3_2537	1	0.04
NC_000913.3_1750	NC_000913.3_2539	1	0.04
NC_000913.3_1750	NC_000913.3_3945	1	0.04
NC_000913.3_2150	NC_000913.3_2151	1	1.0
NC_000913.3_686	NC_000913.3_3527	1	1.0
NC_000913.3_1921	NC_000913.3_1920	1	0.5
NC_000913.3_1921	NC_000913.3_1922	1	0.5
NC_000913.3_2613	NC_000913.3_2612	1	1.0
NC_000913.3_3760	NC_000913.3_4182	1	0.125
NC_000913.3_3760	NC_000913.3_3761	1	1.0
NC_000913.3_629	NC_000913.3_2173	1	0.030303030303030304
NC_000913.3_3733	NC_000913.3_1422	1	0.2
NC_000913.3_3733	NC_000913.3_3734	1	1.0
NC_000913.3_1710	NC_000913.3_4171	1	0.5
NC_000913.3_4222	NC_000913.3_4221	1	0.5
NC_000913.3_235	NC_000913.3_236	1	0.3333333333333333
NC_000913.3_302	NC_000913.3_301	1	1.0
NC_000913.3_302	NC_000913.3_303	1	1.0
NC_000913.3_2196	NC_000913.3_1456	1	0.5
NC_000913.3_3139	NC_000913.3_3138	1	1.0
NC_000913.3_1191	NC_000913.3_3414	1	0.25
NC_000913.3_2354	NC_000913.3_2353	1	0.5
NC_000913.3_2354	NC_000913.3_2245	1	0.25
NC_000913.3_424	NC_000913.3_661	1	0.0625
NC_000913.3_1554	NC_000913.3_1555	1	1.0
NC_000913.3_1288	NC_000913.3_1287	1	1.0
NC_000913.3_1288	NC_000913.3_1289	1	1.0
NC_000913.3_3344	NC_000913.3_3061	1	0.3333333333333333
NC_000913.3_1850	NC_000913.3_2902	1	0.5
NC_000913.3_1997	NC_000913.3_1998	1	1.0
NC_000913.3_4029	NC_000913.3_1823	1	0.25
NC_000913.3_4029	NC_000913.3_1773	1	0.06666666666666667
NC_000913.3_1713	NC_000913.3_719	1	0.16666666666666666
NC_000913.3_1072	NC_000913.3_2135	1	0.3333333333333333
NC_000913.3_318	NC_000913.3_317	1	1.0
NC_000913.3_131	NC_000913.3_132	1	1.0
NC_000913.3_1406	NC_000913.3_1405	1	1.0
NC_000913.3_2855	NC_000913.3_371	1	1.0
NC_000913.3_1580	NC_000913.3_4056	1	0.25
NC_000913.3_1580	NC_000913.3_1868	1	0.5
NC_000913.3_3407	NC_000913.3_3406	1	1.0
NC_000913.3_3407	NC_000913.3_3408	1	1.0
NC_000913.3_4056	NC_000913.3_1865	1	0.5
NC_000913.3_659	NC_000913.3_658	1	1.0
NC_000913.3_4231	NC_000913.3_4230	1	1.0
NC_000913.3_3346	NC_000913.3_3345	1	0.5
NC_000913.3_3560	NC_000913.3_3561	1	1.0
NC_000913.3_2619	NC_000913.3_2618	1	1.0
NC_000913.3_2514	NC_000913.3_2513	1	1.0
NC_000913.3_2514	NC_000913.3_2515	1	1.0
NC_000913.3_359	NC_000913.3_411	1	0.125
NC_000913.3_359	NC_000913.3_360	1	1.0
NC_000913.3_704	NC_000913.3_994	1	1.0
NC_000913.3_647	NC_000913.3_646	1	1.0
NC_000913.3_716	NC_000913.3_717	1	1.0
NC_000913.3_3238	NC_000913.3_3237	1	1.0
NC_000913.3_3688	NC_000913.3_2680	1	0.08333333333333333
NC_000913.3_3688	NC_000913.3_158	1	0.013888888888888888
NC_000913.3_371	NC_000913.3_2857	1	1.0
NC_000913.3_4166	NC_000913.3_890	1	0.25
NC_000913.3_4166	NC_000913.3_3401	1	0.08333333333333333
NC_000913.3_4166	NC_000913.3_3544	1	0.25
NC_000913.3_1275	NC_000913.3_1274	1	1.0
NC_000913.3_2025	NC_000913.3_2024	1	1.0
NC_000913.3_972	NC_000913.3_973	1	0.5
NC_000913.3_48	NC_000913.3_49	1	1.0
NC_000913.3_832	NC_000913.3_3599	1	0.5
NC_000913.3_832	NC_000913.3_3309	1	0.5
NC_000913.3_1525	NC_000913.3_550	1	1.0
NC_000913.3_899	NC_000913.3_898	1	1.0
NC_000913.3_899	NC_000913.3_900	1	0.5
NC_000913.3_1222	NC_000913.3_1076	1	0.16666666666666666
NC_000913.3_1222	NC_000913.3_3295	1	0.16666666666666666
NC_000913.3_1222	NC_000913.3_2920	1	0.041666666666666664
NC_000913.3_1222	NC_000913.3_3225	1	0.16666666666666666
NC_000913.3_71	NC_000913.3_72	1	0.5
NC_000913.3_33	NC_000913.3_34	1	1.0
NC_000913.3_3495	NC_000913.3_3374	1	0.1111111111111111
NC_000913.3_3495	NC_000913.3_2880	1	0.3333333333333333
NC_000913.3_581	NC_000913.3_1862	1	0.5
NC_000913.3_581	NC_000913.3_582	1	1.0
NC_000913.3_3469	NC_000913.3_2164	1	0.0625
NC_000913.3_2600	NC_000913.3_1258	1	0.25
NC_000913.3_2388	NC_000913.3_2387	1	1.0
NC_000913.3_2388	NC_000913.3_847	1	0.1111111111111111
NC_000913.3_128	NC_000913.3_129	1	1.0
NC_000913.3_1987	NC_000913.3_2739	1	1.0
NC_000913.3_1987	NC_000913.3_2741	1	1.0
NC_000913.3_1908	NC_000913.3_2460	1	0.09090909090909091
NC_000913.3_1908	NC_000913.3_2612	1	0.09090909090909091
NC_000913.3_1908	NC_000913.3_2606	1	0.09090909090909091
NC_000913.3_1908	NC_000913.3_957	1	0.09090909090909091
NC_000913.3_1908	NC_000913.3_959	1	0.030303030303030304
NC_000913.3_1908	NC_000913.3_2645	1	0.09090909090909091
NC_000913.3_4213	NC_000913.3_4214	1	1.0
NC_000913.3_776	NC_000913.3_1911	1	0.05555555555555555
NC_000913.3_4211	NC_000913.3_661	1	0.0625
NC_000913.3_4211	NC_000913.3_4212	1	1.0
NC_000913.3_1846	NC_000913.3_1845	1	1.0
NC_000913.3_102	NC_000913.3_101	1	1.0
NC_000913.3_102	NC_000913.3_103	1	1.0
NC_000913.3_1806	NC_000913.3_1807	1	1.0
NC_000913.3_2656	NC_000913.3_2173	1	0.030303030303030304
NC_000913.3_2892	NC_000913.3_2891	1	1.0
NC_000913.3_2892	NC_000913.3_2893	1	1.0
NC_000913.3_1228	NC_000913.3_1229	1	1.0
NC_000913.3_1627	NC_000913.3_378	1	0.16666666666666666
NC_000913.3_808	NC_000913.3_809	1	1.0
NC_000913.3_2144	NC_000913.3_4295	1	0.5
NC_000913.3_2557	NC_000913.3_710	1	0.5
NC_000913.3_4236	NC_000913.3_3181	1	0.3333333333333333
NC_000913.3_2810	NC_000913.3_2809	1	0.5
NC_000913.3_4271	NC_000913.3_3548	1	0.16666666666666666
NC_000913.3_2046	NC_000913.3_327	1	0.07692307692307693
NC_000913.3_3079	NC_000913.3_3080	1	1.0
NC_000913.3_2732	NC_000913.3_358	1	0.08333333333333333
NC_000913.3_3181	NC_000913.3_2629	1	0.25
NC_000913.3_2496	NC_000913.3_1813	1	0.125
NC_000913.3_2496	NC_000913.3_2497	1	1.0
NC_000913.3_523	NC_000913.3_522	1	1.0
NC_000913.3_1289	NC_000913.3_1290	1	1.0
NC_000913.3_3681	NC_000913.3_3680	1	1.0
NC_000913.3_4278	NC_000913.3_4279	1	1.0
NC_000913.3_1477	NC_000913.3_3193	2	0.07142857142857142
NC_000913.3_479	NC_000913.3_480	1	1.0
NC_000913.3_2681	NC_000913.3_1167	1	0.5
NC_000913.3_2681	NC_000913.3_1912	1	1.0
NC_000913.3_1677	NC_000913.3_719	1	0.16666666666666666
NC_000913.3_3315	NC_000913.3_3314	1	1.0
NC_000913.3_3315	NC_000913.3_3316	1	1.0
NC_000913.3_3568	NC_000913.3_3569	1	1.0
NC_000913.3_2168	NC_000913.3_2169	1	0.5
NC_000913.3_3237	NC_000913.3_3984	1	0.5
NC_000913.3_4175	NC_000913.3_3640	1	0.041666666666666664
NC_000913.3_2780	NC_000913.3_1622	1	0.3333333333333333
NC_000913.3_2780	NC_000913.3_1531	1	0.3333333333333333
NC_000913.3_2780	NC_000913.3_2173	1	0.010101010101010102
NC_000913.3_2193	NC_000913.3_2192	1	1.0
NC_000913.3_2193	NC_000913.3_2194	1	1.0
NC_000913.3_2211	NC_000913.3_602	1	0.5
NC_000913.3_1671	NC_000913.3_1672	1	1.0
NC_000913.3_82	NC_000913.3_81	1	1.0
NC_000913.3_2636	NC_000913.3_2797	1	0.030303030303030304
NC_000913.3_2304	NC_000913.3_2303	1	1.0
NC_000913.3_2386	NC_000913.3_2387	1	1.0
NC_000913.3_3324	NC_000913.3_3323	1	1.0
NC_000913.3_2472	NC_000913.3_2473	1	1.0
NC_000913.3_3586	NC_000913.3_3587	1	1.0
NC_000913.3_1789	NC_000913.3_1790	1	1.0
NC_000913.3_1366	NC_000913.3_1367	1	1.0
NC_000913.3_2214	NC_000913.3_2213	1	1.0
NC_000913.3_632	NC_000913.3_633	1	0.5
NC_000913.3_2506	NC_000913.3_2710	1	0.2
NC_000913.3_613	NC_000913.3_612	1	0.5
NC_000913.3_1292	NC_000913.3_1291	1	0.5
NC_000913.3_1292	NC_000913.3_1293	1	1.0
NC_000913.3_4252	NC_000913.3_4251	1	1.0
NC_000913.3_4252	NC_000913.3_892	1	0.5
NC_000913.3_1784	NC_000913.3_1783	1	1.0
NC_000913.3_2787	NC_000913.3_1048	1	0.25
NC_000913.3_2787	NC_000913.3_1050	1	0.25
NC_000913.3_2787	NC_000913.3_1606	1	0.25
NC_000913.3_2787	NC_000913.3_1608	1	0.25
NC_000913.3_1122	NC_000913.3_2471	1	0.5
NC_000913.3_1122	NC_000913.3_1123	1	1.0
NC_000913.3_1551	NC_000913.3_4307	1	0.3333333333333333
NC_000913.3_169	NC_000913.3_3373	1	0.2
NC_000913.3_1647	NC_000913.3_1648	1	1.0
NC_000913.3_1848	NC_000913.3_93	1	0.25
NC_000913.3_1422	NC_000913.3_2436	1	0.2
NC_000913.3_1422	NC_000913.3_4046	1	0.2
NC_000913.3_3844	NC_000913.3_3843	1	1.0
NC_000913.3_354	NC_000913.3_2987	1	0.16666666666666666
NC_000913.3_2	NC_000913.3_2065	1	0.5
NC_000913.3_1019	NC_000913.3_1020	1	1.0
NC_000913.3_1399	NC_000913.3_509	1	0.2
NC_000913.3_1399	NC_000913.3_759	1	0.2
NC_000913.3_1399	NC_000913.3_3662	1	0.2
NC_000913.3_296	NC_000913.3_2701	2	0.04
NC_000913.3_3984	NC_000913.3_4256	1	0.038461538461538464
NC_000913.3_329	NC_000913.3_330	1	1.0
NC_000913.3_1894	NC_000913.3_1895	1	1.0
NC_000913.3_4002	NC_000913.3_4003	1	1.0
NC_000913.3_134	NC_000913.3_135	1	1.0
NC_000913.3_3645	NC_000913.3_3646	1	0.5
NC_000913.3_2482	NC_000913.3_1911	1	0.05555555555555555
NC_000913.3_4247	NC_000913.3_4246	1	1.0
NC_000913.3_3566	NC_000913.3_3567	1	1.0
NC_000913.3_2481	NC_000913.3_2480	1	1.0
NC_000913.3_4283	NC_000913.3_4282	1	1.0
NC_000913.3_3713	NC_000913.3_3714	1	1.0
NC_000913.3_714	NC_000913.3_715	1	1.0
NC_000913.3_2875	NC_000913.3_1691	1	0.5
NC_000913.3_3467	NC_000913.3_2164	1	0.125
NC_000913.3_4027	NC_000913.3_4026	1	1.0
NC_000913.3_3280	NC_000913.3_3710	1	0.5
NC_000913.3_3280	NC_000913.3_3281	1	1.0
NC_000913.3_3748	NC_000913.3_3749	1	1.0
NC_000913.3_2070	NC_000913.3_2069	1	1.0
NC_000913.3_1730	NC_000913.3_1729	1	1.0
NC_000913.3_1730	NC_000913.3_1731	1	1.0
NC_000913.3_2112	NC_000913.3_2111	1	1.0
NC_000913.3_2312	NC_000913.3_2311	1	1.0
NC_000913.3_2096	NC_000913.3_2097	1	1.0
NC_000913.3_1103	NC_000913.3_1104	1	1.0
NC_000913.3_557	NC_000913.3_558	1	1.0
NC_000913.3_2956	NC_000913.3_3475	1	0.3333333333333333
NC_000913.3_4173	NC_000913.3_4174	1	1.0
NC_000913.3_3923	NC_000913.3_2256	1	0.5
NC_000913.3_679	NC_000913.3_678	1	1.0
NC_000913.3_2232	NC_000913.3_2233	1	1.0
NC_000913.3_587	NC_000913.3_368	1	0.5
NC_000913.3_587	NC_000913.3_588	1	1.0
NC_000913.3_312	NC_000913.3_313	1	1.0
NC_000913.3_1722	NC_000913.3_1723	1	1.0
NC_000913.3_3136	NC_000913.3_2173	1	0.030303030303030304
NC_000913.3_2020	NC_000913.3_2019	1	0.5
NC_000913.3_2020	NC_000913.3_2021	1	1.0
NC_000913.3_2743	NC_000913.3_2742	1	1.0
NC_000913.3_2743	NC_000913.3_1813	1	0.125
NC_000913.3_2854	NC_000913.3_2701	1	0.1
NC_000913.3_1507	NC_000913.3_4182	1	0.125
NC_000913.3_3575	NC_000913.3_1291	1	0.5
NC_000913.3_2570	NC_000913.3_2571	1	1.0
NC_000913.3_3531	NC_000913.3_3520	1	0.5
NC_000913.3_967	NC_000913.3_3904	1	1.0
NC_000913.3_967	NC_000913.3_3906	1	1.0
NC_000913.3_2836	NC_000913.3_2837	1	0.25
NC_000913.3_2000	NC_000913.3_1999	1	0.5
NC_000913.3_2000	NC_000913.3_2001	1	0.5
NC_000913.3_3251	NC_000913.3_1782	1	1.0
NC_000913.3_962	NC_000913.3_961	1	1.0
NC_000913.3_2709	NC_000913.3_2708	1	1.0
NC_000913.3_2709	NC_000913.3_2710	1	0.2
NC_000913.3_341	NC_000913.3_340	1	1.0
NC_000913.3_341	NC_000913.3_342	1	1.0
NC_000913.3_1731	NC_000913.3_1732	1	1.0
NC_000913.3_3491	NC_000913.3_3492	1	1.0
NC_000913.3_3210	NC_000913.3_548	1	0.16666666666666666
NC_000913.3_3210	NC_000913.3_3211	1	1.0
NC_000913.3_2337	NC_000913.3_1255	1	1.0
NC_000913.3_2922	NC_000913.3_1297	1	0.5
NC_000913.3_2922	NC_000913.3_327	1	0.038461538461538464
NC_000913.3_2922	NC_000913.3_3308	1	0.5
NC_000913.3_564	NC_000913.3_563	1	1.0
NC_000913.3_952	NC_000913.3_951	1	1.0
NC_000913.3_1862	NC_000913.3_1861	1	0.5
NC_000913.3_1862	NC_000913.3_3255	1	0.5
NC_000913.3_3146	NC_000913.3_3145	1	1.0
NC_000913.3_508	NC_000913.3_2308	1	0.5
NC_000913.3_508	NC_000913.3_509	1	0.5
NC_000913.3_3269	NC_000913.3_3270	1	1.0
NC_000913.3_2972	NC_000913.3_2973	1	1.0
NC_000913.3_443	NC_000913.3_442	1	1.0
NC_000913.3_1817	NC_000913.3_985	1	0.5
NC_000913.3_1817	NC_000913.3_987	1	0.5
NC_000913.3_3758	NC_000913.3_3757	1	0.5
NC_000913.3_3758	NC_000913.3_285	1	0.5
NC_000913.3_3758	NC_000913.3_973	1	0.25
NC_000913.3_927	NC_000913.3_928	1	1.0
NC_000913.3_158	NC_000913.3_2212	1	0.05555555555555555
NC_000913.3_158	NC_000913.3_3258	1	0.16666666666666666
NC_000913.3_158	NC_000913.3_3260	1	0.16666666666666666
NC_000913.3_158	NC_000913.3_2173	1	0.005050505050505051
NC_000913.3_4024	NC_000913.3_2026	1	0.5
NC_000913.3_4024	NC_000913.3_2028	1	0.5
NC_000913.3_919	NC_000913.3_918	1	1.0
NC_000913.3_919	NC_000913.3_920	1	1.0
NC_000913.3_3690	NC_000913.3_378	1	0.16666666666666666
NC_000913.3_277	NC_000913.3_2797	1	0.030303030303030304
NC_000913.3_1244	NC_000913.3_1243	1	1.0
NC_000913.3_2443	NC_000913.3_2444	1	1.0
NC_000913.3_1238	NC_000913.3_1237	1	1.0
NC_000913.3_2114	NC_000913.3_4253	1	1.0
NC_000913.3_1443	NC_000913.3_1442	1	1.0
NC_000913.3_1443	NC_000913.3_1444	1	1.0
NC_000913.3_1534	NC_000913.3_674	1	0.041666666666666664
NC_000913.3_1424	NC_000913.3_1425	1	1.0
NC_000913.3_2607	NC_000913.3_2893	1	1.0
NC_000913.3_2082	NC_000913.3_2083	1	0.5
NC_000913.3_2402	NC_000913.3_2403	1	1.0
NC_000913.3_2670	NC_000913.3_2669	1	1.0
NC_000913.3_2670	NC_000913.3_2671	1	1.0
NC_000913.3_740	NC_000913.3_741	1	1.0
NC_000913.3_2919	NC_000913.3_2920	1	0.25
NC_000913.3_4016	NC_000913.3_4015	1	1.0
NC_000913.3_4016	NC_000913.3_4017	1	0.25
NC_000913.3_1372	NC_000913.3_1371	1	1.0
NC_000913.3_1372	NC_000913.3_4219	1	0.5
NC_000913.3_3390	NC_000913.3_3391	1	1.0
NC_000913.3_769	NC_000913.3_770	1	1.0
NC_000913.3_2809	NC_000913.3_3938	1	0.16666666666666666
NC_000913.3_1835	NC_000913.3_3548	1	0.1111111111111111
NC_000913.3_1835	NC_000913.3_2292	1	0.06666666666666667
NC_000913.3_950	NC_000913.3_951	1	1.0
NC_000913.3_239	NC_000913.3_327	1	0.07692307692307693
NC_000913.3_1984	NC_000913.3_1985	1	0.5
NC_000913.3_2326	NC_000913.3_2325	1	1.0
NC_000913.3_3301	NC_000913.3_3300	1	1.0
NC_000913.3_513	NC_000913.3_514	1	1.0
NC_000913.3_2897	NC_000913.3_2898	1	1.0
NC_000913.3_4305	NC_000913.3_4306	1	1.0
NC_000913.3_988	NC_000913.3_987	1	1.0
NC_000913.3_3646	NC_000913.3_800	1	0.5
NC_000913.3_109	NC_000913.3_110	1	0.3333333333333333
NC_000913.3_3700	NC_000913.3_2145	1	0.3333333333333333
NC_000913.3_2852	NC_000913.3_674	1	0.0625
NC_000913.3_4111	NC_000913.3_4110	1	1.0
NC_000913.3_4111	NC_000913.3_4112	1	1.0
NC_000913.3_1294	NC_000913.3_1293	1	1.0
NC_000913.3_2799	NC_000913.3_2798	1	1.0
NC_000913.3_1095	NC_000913.3_1096	1	1.0
NC_000913.3_2062	NC_000913.3_470	1	0.5
NC_000913.3_909	NC_000913.3_910	1	1.0
NC_000913.3_1336	NC_000913.3_719	1	0.16666666666666666
NC_000913.3_1336	NC_000913.3_1337	1	1.0
NC_000913.3_1290	NC_000913.3_1291	1	0.5
NC_000913.3_236	NC_000913.3_399	1	0.3333333333333333
NC_000913.3_1070	NC_000913.3_1069	1	1.0
NC_000913.3_1070	NC_000913.3_2135	1	0.3333333333333333
NC_000913.3_1258	NC_000913.3_2366	1	0.25
NC_000913.3_1842	NC_000913.3_1841	1	1.0
NC_000913.3_1842	NC_000913.3_1843	1	1.0
NC_000913.3_2759	NC_000913.3_1600	1	0.25
NC_000913.3_677	NC_000913.3_678	1	1.0
NC_000913.3_3410	NC_000913.3_1434	1	1.0
NC_000913.3_2899	NC_000913.3_2898	1	1.0
NC_000913.3_2899	NC_000913.3_2900	1	1.0
NC_000913.3_1966	NC_000913.3_1967	1	1.0
NC_000913.3_848	NC_000913.3_1296	1	0.08333333333333333
NC_000913.3_482	NC_000913.3_481	1	1.0
NC_000913.3_2910	NC_000913.3_1140	1	0.125
NC_000913.3_917	NC_000913.3_918	1	1.0
NC_000913.3_2450	NC_000913.3_847	1	0.1111111111111111
NC_000913.3_2450	NC_000913.3_2451	1	1.0
NC_000913.3_2674	NC_000913.3_2673	1	1.0
NC_000913.3_2109	NC_000913.3_3387	1	0.5
NC_000913.3_250	NC_000913.3_76	1	0.3333333333333333
NC_000913.3_4206	NC_000913.3_4205	1	1.0
NC_000913.3_1481	NC_000913.3_3988	1	0.5
NC_000913.3_1481	NC_000913.3_1480	1	0.5
NC_000913.3_1481	NC_000913.3_1482	1	0.5
NC_000913.3_4235	NC_000913.3_4234	1	1.0
NC_000913.3_2779	NC_000913.3_2778	1	1.0
NC_000913.3_2637	NC_000913.3_2638	1	1.0
NC_000913.3_3412	NC_000913.3_358	1	0.05555555555555555
NC_000913.3_1723	NC_000913.3_1724	1	1.0
NC_000913.3_2207	NC_000913.3_2206	1	1.0
NC_000913.3_3068	NC_000913.3_3067	1	1.0
NC_000913.3_4145	NC_000913.3_4144	1	1.0
NC_000913.3_4145	NC_000913.3_4146	1	1.0
NC_000913.3_195	NC_000913.3_194	1	1.0
NC_000913.3_1874	NC_000913.3_1875	1	0.5
NC_000913.3_3906	NC_000913.3_1604	1	0.5
NC_000913.3_3323	NC_000913.3_3322	1	1.0
NC_000913.3_3777	NC_000913.3_358	1	0.16666666666666666
NC_000913.3_1813	NC_000913.3_2963	1	0.125
NC_000913.3_3514	NC_000913.3_1277	1	0.3333333333333333
NC_000913.3_694	NC_000913.3_693	1	1.0
NC_000913.3_694	NC_000913.3_1279	1	1.0
NC_000913.3_795	NC_000913.3_794	1	1.0
NC_000913.3_3035	NC_000913.3_3036	1	1.0
NC_000913.3_1215	NC_000913.3_1214	1	1.0
NC_000913.3_42	NC_000913.3_3037	1	0.5
NC_000913.3_42	NC_000913.3_2296	1	0.25
NC_000913.3_4102	NC_000913.3_4101	1	1.0
NC_000913.3_4102	NC_000913.3_674	1	0.125
NC_000913.3_641	NC_000913.3_3331	1	0.3333333333333333
NC_000913.3_3559	NC_000913.3_3558	1	1.0
NC_000913.3_2540	NC_000913.3_2539	1	1.0
NC_000913.3_406	NC_000913.3_1227	1	0.3333333333333333
NC_000913.3_1181	NC_000913.3_947	1	0.5
NC_000913.3_619	NC_000913.3_1131	1	1.0
NC_000913.3_700	NC_000913.3_699	1	0.5
NC_000913.3_700	NC_000913.3_3149	1	0.5
NC_000913.3_2412	NC_000913.3_2413	1	1.0
NC_000913.3_3149	NC_000913.3_3148	1	0.5
NC_000913.3_3149	NC_000913.3_3150	1	0.5
NC_000913.3_3202	NC_000913.3_2470	1	0.5
NC_000913.3_1837	NC_000913.3_1836	1	1.0
NC_000913.3_1415	NC_000913.3_2783	1	0.16666666666666666
NC_000913.3_787	NC_000913.3_786	1	1.0
NC_000913.3_2480	NC_000913.3_84	1	0.5
NC_000913.3_2835	NC_000913.3_2834	1	1.0
NC_000913.3_2299	NC_000913.3_104	1	0.5
NC_000913.3_2299	NC_000913.3_2300	1	1.0
NC_000913.3_2973	NC_000913.3_2974	1	1.0
NC_000913.3_3246	NC_000913.3_3640	1	0.125
NC_000913.3_4088	NC_000913.3_461	1	1.0
NC_000913.3_49	NC_000913.3_1701	1	0.5
NC_000913.3_3938	NC_000913.3_435	1	0.16666666666666666
NC_000913.3_4188	NC_000913.3_4105	1	0.3333333333333333
NC_000913.3_3770	NC_000913.3_3769	1	1.0
NC_000913.3_3770	NC_000913.3_3771	1	1.0
NC_000913.3_1912	NC_000913.3_1913	1	1.0
NC_000913.3_1008	NC_000913.3_1009	1	1.0
NC_000913.3_2117	NC_000913.3_2439	1	0.25
NC_000913.3_3847	NC_000913.3_3848	1	1.0
NC_000913.3_2180	NC_000913.3_2179	1	0.3333333333333333
NC_000913.3_2994	NC_000913.3_2995	1	1.0
NC_000913.3_1002	NC_000913.3_440	1	0.5
NC_000913.3_2591	NC_000913.3_2592	1	0.5
NC_000913.3_2169	NC_000913.3_3262	1	0.5
NC_000913.3_2169	NC_000913.3_3264	1	0.5
NC_000913.3_1958	NC_000913.3_1957	1	1.0
NC_000913.3_1958	NC_000913.3_1959	1	1.0
NC_000913.3_2936	NC_000913.3_3193	1	0.14285714285714285
NC_000913.3_265	NC_000913.3_264	1	0.25
NC_000913.3_265	NC_000913.3_2616	1	0.25
NC_000913.3_1460	NC_000913.3_1296	1	0.08333333333333333
NC_000913.3_3262	NC_000913.3_1911	1	0.05555555555555555
NC_000913.3_4289	NC_000913.3_4288	1	1.0
NC_000913.3_3046	NC_000913.3_2797	1	0.030303030303030304
NC_000913.3_2928	NC_000913.3_2929	1	1.0
NC_000913.3_674	NC_000913.3_2102	1	0.006944444444444444
NC_000913.3_674	NC_000913.3_999	1	0.125
NC_000913.3_674	NC_000913.3_661	1	0.0078125
NC_000913.3_674	NC_000913.3_411	1	0.015625
NC_000913.3_674	NC_000913.3_3552	1	0.0625
NC_000913.3_3736	NC_000913.3_3735	1	0.5
NC_000913.3_2711	NC_000913.3_2710	1	0.2
NC_000913.3_2711	NC_000913.3_2712	1	0.5
NC_000913.3_1257	NC_000913.3_1034	1	1.0
NC_000913.3_1989	NC_000913.3_1988	1	1.0
NC_000913.3_2858	NC_000913.3_2857	1	1.0
NC_000913.3_3197	NC_000913.3_3198	1	0.125
NC_000913.3_3197	NC_000913.3_4246	1	0.5
NC_000913.3_2187	NC_000913.3_2186	1	1.0
NC_000913.3_3221	NC_000913.3_2356	1	1.0
NC_000913.3_401	NC_000913.3_400	1	0.5
NC_000913.3_1385	NC_000913.3_1384	1	1.0
NC_000913.3_1385	NC_000913.3_661	1	0.0625
NC_000913.3_3125	NC_000913.3_719	1	0.16666666666666666
NC_000913.3_2030	NC_000913.3_2031	1	1.0
NC_000913.3_3513	NC_000913.3_1985	1	0.5
NC_000913.3_283	NC_000913.3_282	1	1.0
NC_000913.3_633	NC_000913.3_634	1	0.5
NC_000913.3_633	NC_000913.3_2009	1	0.16666666666666666
NC_000913.3_633	NC_000913.3_749	1	0.25
NC_000913.3_1140	NC_000913.3_2452	1	0.25
NC_000913.3_1140	NC_000913.3_2454	1	0.25
NC_000913.3_477	NC_000913.3_476	1	1.0
NC_000913.3_3156	NC_000913.3_3155	1	1.0
NC_000913.3_3156	NC_000913.3_3157	1	1.0
NC_000913.3_3719	NC_000913.3_3718	1	1.0
NC_000913.3_3629	NC_000913.3_3628	1	1.0
NC_000913.3_3629	NC_000913.3_3630	1	1.0
NC_000913.3_173	NC_000913.3_970	1	0.5
NC_000913.3_2532	NC_000913.3_2531	1	1.0
NC_000913.3_2532	NC_000913.3_2102	1	0.05555555555555555
NC_000913.3_2165	NC_000913.3_2164	1	0.125
NC_000913.3_903	NC_000913.3_902	1	1.0
NC_000913.3_867	NC_000913.3_868	1	1.0
NC_000913.3_983	NC_000913.3_982	1	1.0
NC_000913.3_3718	NC_000913.3_3717	1	1.0
NC_000913.3_61	NC_000913.3_3706	1	1.0
NC_000913.3_1297	NC_000913.3_2920	1	0.25
NC_000913.3_2014	NC_000913.3_2831	1	0.5
NC_000913.3_2014	NC_000913.3_2833	1	0.5
NC_000913.3_3473	NC_000913.3_1296	1	0.08333333333333333
NC_000913.3_3473	NC_000913.3_3474	1	1.0
NC_000913.3_2771	NC_000913.3_25	1	0.5
NC_000913.3_2771	NC_000913.3_2772	1	0.5
NC_000913.3_2188	NC_000913.3_2189	1	1.0
NC_000913.3_759	NC_000913.3_435	1	0.5
NC_000913.3_2338	NC_000913.3_2339	1	1.0
NC_000913.3_3684	NC_000913.3_3685	1	1.0
NC_000913.3_3951	NC_000913.3_4306	1	1.0
NC_000913.3_2719	NC_000913.3_3193	1	0.14285714285714285
NC_000913.3_4021	NC_000913.3_4020	1	0.3333333333333333
NC_000913.3_176	NC_000913.3_175	1	1.0
NC_000913.3_176	NC_000913.3_177	1	1.0
NC_000913.3_20	NC_000913.3_4288	1	1.0
NC_000913.3_511	NC_000913.3_512	1	1.0
NC_000913.3_3369	NC_000913.3_3370	1	1.0
NC_000913.3_4217	NC_000913.3_827	1	1.0
NC_000913.3_3290	NC_000913.3_3291	1	1.0
NC_000913.3_625	NC_000913.3_3539	1	1.0
NC_000913.3_727	NC_000913.3_728	1	1.0
NC_000913.3_2611	NC_000913.3_197	1	0.04
NC_000913.3_281	NC_000913.3_280	1	1.0
NC_000913.3_281	NC_000913.3_282	1	1.0
NC_000913.3_1711	NC_000913.3_3309	1	0.5
NC_000913.3_4138	NC_000913.3_4137	1	0.5
NC_000913.3_4215	NC_000913.3_4214	1	1.0
NC_000913.3_2827	NC_000913.3_2828	1	1.0
NC_000913.3_2762	NC_000913.3_2763	1	1.0
NC_000913.3_1594	NC_000913.3_118	1	0.5
NC_000913.3_3190	NC_000913.3_2408	1	0.2
NC_000913.3_3190	NC_000913.3_2102	1	0.05555555555555555
NC_000913.3_1202	NC_000913.3_1201	1	1.0
NC_000913.3_316	NC_000913.3_3183	1	0.3333333333333333
NC_000913.3_4053	NC_000913.3_327	1	0.07692307692307693
NC_000913.3_3016	NC_000913.3_3017	1	0.5
NC_000913.3_1544	NC_000913.3_609	1	1.0
NC_000913.3_1544	NC_000913.3_611	1	1.0
NC_000913.3_170	NC_000913.3_254	1	0.5
NC_000913.3_170	NC_000913.3_171	1	1.0
NC_000913.3_1870	NC_000913.3_1869	1	1.0
NC_000913.3_3382	NC_000913.3_3383	1	1.0
NC_000913.3_717	NC_000913.3_1251	1	1.0
NC_000913.3_484	NC_000913.3_485	1	1.0
NC_000913.3_1985	NC_000913.3_1986	1	0.5
NC_000913.3_3308	NC_000913.3_3307	1	1.0
NC_000913.3_3302	NC_000913.3_3303	1	1.0
NC_000913.3_2250	NC_000913.3_1911	1	0.05555555555555555
NC_000913.3_1916	NC_000913.3_758	1	1.0
NC_000913.3_146	NC_000913.3_2102	1	0.05555555555555555
NC_000913.3_3599	NC_000913.3_84	1	0.25
NC_000913.3_1566	NC_000913.3_4221	1	0.5
NC_000913.3_996	NC_000913.3_995	1	1.0
NC_000913.3_1537	NC_000913.3_1536	1	1.0
NC_000913.3_521	NC_000913.3_520	1	0.5
NC_000913.3_521	NC_000913.3_1341	1	0.16666666666666666
NC_000913.3_466	NC_000913.3_864	1	0.5
NC_000913.3_490	NC_000913.3_3411	1	1.0
NC_000913.3_490	NC_000913.3_491	1	0.5
NC_000913.3_1451	NC_000913.3_3170	1	1.0
NC_000913.3_2865	NC_000913.3_1296	1	0.08333333333333333
NC_000913.3_178	NC_000913.3_177	1	1.0
NC_000913.3_178	NC_000913.3_179	1	1.0
NC_000913.3_696	NC_000913.3_1279	1	1.0
NC_000913.3_696	NC_000913.3_697	1	1.0
NC_000913.3_2845	NC_000913.3_1227	1	0.3333333333333333
NC_000913.3_2426	NC_000913.3_2398	1	0.25
NC_000913.3_3104	NC_000913.3_3103	1	1.0
NC_000913.3_3104	NC_000913.3_3105	1	1.0
NC_000913.3_890	NC_000913.3_889	1	0.5
NC_000913.3_1622	NC_000913.3_2223	1	0.125
NC_000913.3_1663	NC_000913.3_1664	1	1.0
NC_000913.3_4020	NC_000913.3_4019	1	1.0
NC_000913.3_104	NC_000913.3_2297	1	0.5
NC_000913.3_3640	NC_000913.3_3235	1	0.125
NC_000913.3_3640	NC_000913.3_2059	1	0.125
NC_000913.3_3640	NC_000913.3_3992	1	0.125
NC_000913.3_3640	NC_000913.3_3248	1	0.125
NC_000913.3_3820	NC_000913.3_3552	1	0.5
NC_000913.3_3820	NC_000913.3_3821	1	1.0
NC_000913.3_2064	NC_000913.3_3475	1	1.0
NC_000913.3_1387	NC_000913.3_2102	1	0.018518518518518517
NC_000913.3_1387	NC_000913.3_3614	1	0.3333333333333333
NC_000913.3_1918	NC_000913.3_758	1	1.0
NC_000913.3_3257	NC_000913.3_3256	1	1.0
NC_000913.3_3257	NC_000913.3_3258	1	1.0
NC_000913.3_110	NC_000913.3_3391	1	0.3333333333333333
NC_000913.3_3273	NC_000913.3_197	1	0.2
NC_000913.3_3273	NC_000913.3_3274	1	1.0
NC_000913.3_3198	NC_000913.3_2044	1	0.25
NC_000913.3_3198	NC_000913.3_2768	1	0.125
NC_000913.3_3198	NC_000913.3_2770	1	0.25
NC_000913.3_3307	NC_000913.3_3306	1	1.0
NC_000913.3_3617	NC_000913.3_3607	1	1.0
NC_000913.3_3617	NC_000913.3_3618	1	1.0
NC_000913.3_1540	NC_000913.3_548	1	0.16666666666666666
NC_000913.3_2044	NC_000913.3_327	1	0.07692307692307693
NC_000913.3_2729	NC_000913.3_2325	1	0.25
NC_000913.3_3557	NC_000913.3_2585	1	0.1
NC_000913.3_847	NC_000913.3_1857	1	0.05555555555555555
NC_000913.3_847	NC_000913.3_411	1	0.013888888888888888
NC_000913.3_847	NC_000913.3_2306	1	0.1111111111111111
NC_000913.3_847	NC_000913.3_3448	1	0.05555555555555555
NC_000913.3_847	NC_000913.3_2403	1	0.1111111111111111
NC_000913.3_847	NC_000913.3_2405	1	0.1111111111111111
NC_000913.3_2120	NC_000913.3_892	1	0.5
NC_000913.3_2673	NC_000913.3_2661	1	0.5
NC_000913.3_675	NC_000913.3_3860	1	0.5
NC_000913.3_675	NC_000913.3_327	1	0.038461538461538464
NC_000913.3_56	NC_000913.3_57	1	1.0
NC_000913.3_3060	NC_000913.3_3061	1	1.0
NC_000913.3_1052	NC_000913.3_1053	1	1.0
NC_000913.3_2699	NC_000913.3_2700	1	1.0
NC_000913.3_2615	NC_000913.3_1701	1	0.5
NC_000913.3_2615	NC_000913.3_2616	1	1.0
NC_000913.3_3659	NC_000913.3_3660	1	1.0
NC_000913.3_1096	NC_000913.3_1097	1	1.0
NC_000913.3_1340	NC_000913.3_1339	1	1.0
NC_000913.3_1180	NC_000913.3_2707	1	0.5
NC_000913.3_1745	NC_000913.3_1746	1	1.0
NC_000913.3_2623	NC_000913.3_3572	1	0.2
NC_000913.3_1420	NC_000913.3_3709	1	1.0
NC_000913.3_2710	NC_000913.3_1272	1	0.2
NC_000913.3_72	NC_000913.3_2439	1	0.25
NC_000913.3_343	NC_000913.3_342	1	1.0
NC_000913.3_343	NC_000913.3_344	1	1.0
NC_000913.3_3766	NC_000913.3_712	1	0.5
NC_000913.3_3766	NC_000913.3_3767	1	0.5
NC_000913.3_2487	NC_000913.3_2486	1	1.0
NC_000913.3_2696	NC_000913.3_2697	1	1.0
NC_000913.3_1097	NC_000913.3_263	1	0.5
NC_000913.3_1754	NC_000913.3_3885	1	0.5
NC_000913.3_1249	NC_000913.3_2680	1	1.0
NC_000913.3_3804	NC_000913.3_3805	1	1.0
NC_000913.3_1762	NC_000913.3_2599	1	0.025
NC_000913.3_1762	NC_000913.3_708	1	0.2
NC_000913.3_1762	NC_000913.3_3227	1	0.06666666666666667
NC_000913.3_1762	NC_000913.3_1658	1	0.2
NC_000913.3_4005	NC_000913.3_4004	1	1.0
NC_000913.3_1915	NC_000913.3_1914	1	0.5
NC_000913.3_1915	NC_000913.3_3714	1	0.5
NC_000913.3_1915	NC_000913.3_3716	1	0.5
NC_000913.3_3383	NC_000913.3_3384	1	1.0
NC_000913.3_4250	NC_000913.3_4251	1	1.0
NC_000913.3_3193	NC_000913.3_3823	1	0.14285714285714285
NC_000913.3_838	NC_000913.3_839	1	1.0
NC_000913.3_417	NC_000913.3_416	1	1.0
NC_000913.3_2106	NC_000913.3_38	1	0.3333333333333333
NC_000913.3_2598	NC_000913.3_1227	1	0.3333333333333333
NC_000913.3_3735	NC_000913.3_3734	1	0.5
NC_000913.3_3801	NC_000913.3_3802	1	1.0
NC_000913.3_1251	NC_000913.3_719	1	0.16666666666666666
NC_000913.3_154	NC_000913.3_153	1	1.0
NC_000913.3_2135	NC_000913.3_373	1	0.1111111111111111
NC_000913.3_2475	NC_000913.3_3038	1	0.2
NC_000913.3_4221	NC_000913.3_1563	1	0.5
NC_000913.3_1701	NC_000913.3_51	1	0.5
NC_000913.3_1296	NC_000913.3_2142	1	0.08333333333333333
NC_000913.3_1296	NC_000913.3_2867	1	0.08333333333333333
NC_000913.3_1296	NC_000913.3_650	1	0.08333333333333333
NC_000913.3_1296	NC_000913.3_846	1	0.08333333333333333
NC_000913.3_1296	NC_000913.3_1462	1	0.08333333333333333
NC_000913.3_3908	NC_000913.3_3591	1	0.16666666666666666
NC_000913.3_3908	NC_000913.3_3360	1	0.5
NC_000913.3_1834	NC_000913.3_1089	1	1.0
NC_000913.3_2765	NC_000913.3_2585	1	0.5
NC_000913.3_2708	NC_000913.3_2707	1	0.5
NC_000913.3_3572	NC_000913.3_2173	1	0.006060606060606061
NC_000913.3_3572	NC_000913.3_1982	1	0.2
NC_000913.3_1584	NC_000913.3_1585	1	1.0
NC_000913.3_3685	NC_000913.3_3686	1	1.0
NC_000913.3_2867	NC_000913.3_2868	1	1.0
NC_000913.3_827	NC_000913.3_4219	1	0.5
NC_000913.3_2147	NC_000913.3_2146	1	1.0
NC_000913.3_2147	NC_000913.3_2148	1	1.0
NC_000913.3_1143	NC_000913.3_4256	1	0.07692307692307693
NC_000913.3_2451	NC_000913.3_2452	1	1.0
NC_000913.3_4098	NC_000913.3_4099	1	1.0
NC_000913.3_1441	NC_000913.3_1442	1	1.0
NC_000913.3_1779	NC_000913.3_1932	1	0.5
NC_000913.3_4101	NC_000913.3_4100	1	1.0
NC_000913.3_2353	NC_000913.3_2352	1	1.0
NC_000913.3_3414	NC_000913.3_3415	1	0.5
NC_000913.3_2534	NC_000913.3_2102	1	0.05555555555555555
NC_000913.3_3370	NC_000913.3_251	1	0.2
NC_000913.3_4256	NC_000913.3_1560	1	0.07692307692307693
NC_000913.3_4256	NC_000913.3_3234	1	0.07692307692307693
NC_000913.3_4256	NC_000913.3_3243	1	0.07692307692307693
NC_000913.3_1089	NC_000913.3_1090	1	1.0
NC_000913.3_661	NC_000913.3_327	1	0.004807692307692308
NC_000913.3_661	NC_000913.3_1877	1	0.0625
NC_000913.3_661	NC_000913.3_2222	1	0.0625
NC_000913.3_661	NC_000913.3_3484	1	0.03125
NC_000913.3_661	NC_000913.3_594	1	0.0625
NC_000913.3_3249	NC_000913.3_3248	1	1.0
NC_000913.3_2246	NC_000913.3_2245	1	0.5
NC_000913.3_2511	NC_000913.3_2512	1	1.0
NC_000913.3_3592	NC_000913.3_3591	1	0.3333333333333333
NC_000913.3_4191	NC_000913.3_4190	1	0.5
NC_000913.3_2435	NC_000913.3_2436	1	1.0
NC_000913.3_3932	NC_000913.3_64	1	1.0
NC_000913.3_3385	NC_000913.3_3384	1	1.0
NC_000913.3_1029	NC_000913.3_1030	1	1.0
NC_000913.3_2667	NC_000913.3_2666	1	1.0
NC_000913.3_2133	NC_000913.3_2132	1	1.0
NC_000913.3_2222	NC_000913.3_2221	1	1.0
NC_000913.3_2247	NC_000913.3_2164	1	0.125
NC_000913.3_1068	NC_000913.3_1069	1	1.0
NC_000913.3_910	NC_000913.3_911	1	1.0
NC_000913.3_655	NC_000913.3_90	1	1.0
NC_000913.3_3791	NC_000913.3_3790	1	0.3333333333333333
NC_000913.3_3791	NC_000913.3_1268	1	0.3333333333333333
NC_000913.3_4073	NC_000913.3_2657	1	1.0
NC_000913.3_4073	NC_000913.3_4074	1	1.0
NC_000913.3_894	NC_000913.3_2797	1	0.030303030303030304
NC_000913.3_4086	NC_000913.3_461	1	0.5
NC_000913.3_534	NC_000913.3_2797	1	0.030303030303030304
NC_000913.3_2191	NC_000913.3_2190	1	1.0
NC_000913.3_3377	NC_000913.3_3378	1	1.0
NC_000913.3_1592	NC_000913.3_118	1	0.5
NC_000913.3_2013	NC_000913.3_2012	1	1.0
NC_000913.3_1937	NC_000913.3_356	1	0.16666666666666666
NC_000913.3_588	NC_000913.3_2677	1	0.3333333333333333
NC_000913.3_1675	NC_000913.3_40	1	0.5
NC_000913.3_627	NC_000913.3_626	1	1.0
NC_000913.3_638	NC_000913.3_2003	1	0.5
NC_000913.3_1699	NC_000913.3_3291	1	0.3333333333333333
NC_000913.3_2411	NC_000913.3_2410	1	1.0
NC_000913.3_3927	NC_000913.3_3926	1	1.0
NC_000913.3_368	NC_000913.3_585	1	0.5
NC_000913.3_368	NC_000913.3_4031	1	0.5
NC_000913.3_1267	NC_000913.3_1266	1	1.0
NC_000913.3_1267	NC_000913.3_1268	1	1.0
NC_000913.3_1168	NC_000913.3_1169	1	1.0
NC_000913.3_2093	NC_000913.3_2092	1	1.0
NC_000913.3_2630	NC_000913.3_2631	1	1.0
NC_000913.3_2772	NC_000913.3_2773	1	1.0
NC_000913.3_244	NC_000913.3_245	1	1.0
NC_000913.3_566	NC_000913.3_3279	1	0.25
NC_000913.3_4031	NC_000913.3_3331	1	0.3333333333333333
NC_000913.3_1432	NC_000913.3_488	1	0.16666666666666666
NC_000913.3_2795	NC_000913.3_1857	1	0.25
NC_000913.3_3260	NC_000913.3_1911	1	0.05555555555555555
NC_000913.3_3117	NC_000913.3_1134	1	0.5
NC_000913.3_2415	NC_000913.3_2416	1	1.0
NC_000913.3_1182	NC_000913.3_1183	1	1.0
NC_000913.3_1492	NC_000913.3_1491	1	1.0
NC_000913.3_1492	NC_000913.3_1493	1	1.0
NC_000913.3_410	NC_000913.3_1911	1	0.05555555555555555
NC_000913.3_614	NC_000913.3_3842	1	0.25
NC_000913.3_1374	NC_000913.3_4219	1	0.5
NC_000913.3_4019	NC_000913.3_4018	1	1.0
NC_000913.3_2977	NC_000913.3_1615	1	0.3333333333333333
NC_000913.3_2571	NC_000913.3_2173	1	0.030303030303030304
NC_000913.3_4043	NC_000913.3_4042	1	1.0
NC_000913.3_1820	NC_000913.3_1819	1	1.0
NC_000913.3_1682	NC_000913.3_2087	1	0.16666666666666666
NC_000913.3_1682	NC_000913.3_3904	1	0.3333333333333333
NC_000913.3_3740	NC_000913.3_1017	1	0.3333333333333333
NC_000913.3_576	NC_000913.3_2164	1	0.0625
NC_000913.3_3406	NC_000913.3_3405	1	1.0
NC_000913.3_3128	NC_000913.3_3127	1	1.0
NC_000913.3_2173	NC_000913.3_2225	1	0.030303030303030304
NC_000913.3_2173	NC_000913.3_2227	1	0.030303030303030304
NC_000913.3_2173	NC_000913.3_2654	1	0.030303030303030304
NC_000913.3_2173	NC_000913.3_889	1	0.015151515151515152
NC_000913.3_2173	NC_000913.3_1139	1	0.030303030303030304
NC_000913.3_2173	NC_000913.3_2797	1	0.0009182736455463728
NC_000913.3_2173	NC_000913.3_2419	1	0.030303030303030304
NC_000913.3_2173	NC_000913.3_1919	1	0.007575757575757576
NC_000913.3_3488	NC_000913.3_1773	1	0.06666666666666667
NC_000913.3_1833	NC_000913.3_3608	1	0.16666666666666666
NC_000913.3_1314	NC_000913.3_1315	1	1.0
NC_000913.3_840	NC_000913.3_839	1	1.0
NC_000913.3_3988	NC_000913.3_3989	1	0.5
NC_000913.3_965	NC_000913.3_569	1	0.125
NC_000913.3_1093	NC_000913.3_1094	1	1.0
NC_000913.3_1998	NC_000913.3_1999	1	1.0
NC_000913.3_2422	NC_000913.3_2421	1	1.0
NC_000913.3_2422	NC_000913.3_2423	1	1.0
NC_000913.3_2669	NC_000913.3_2668	1	1.0
NC_000913.3_385	NC_000913.3_327	3	0.07692307692307693
NC_000913.3_3279	NC_000913.3_569	1	0.0625
NC_000913.3_3379	NC_000913.3_3378	1	1.0
NC_000913.3_122	NC_000913.3_123	1	1.0
NC_000913.3_3885	NC_000913.3_3053	1	0.25
NC_000913.3_3885	NC_000913.3_2141	1	0.25
NC_000913.3_1914	NC_000913.3_1913	1	1.0
NC_000913.3_2817	NC_000913.3_2102	1	0.05555555555555555
NC_000913.3_4013	NC_000913.3_4012	1	1.0
NC_000913.3_4013	NC_000913.3_4014	1	1.0
NC_000913.3_172	NC_000913.3_171	1	1.0
NC_000913.3_4263	NC_000913.3_4262	1	1.0
NC_000913.3_753	NC_000913.3_752	1	1.0
NC_000913.3_753	NC_000913.3_754	1	1.0
NC_000913.3_2783	NC_000913.3_1527	1	0.027777777777777776
NC_000913.3_739	NC_000913.3_2797	1	0.010101010101010102
NC_000913.3_1237	NC_000913.3_3401	1	0.3333333333333333
NC_000913.3_634	NC_000913.3_635	1	1.0
NC_000913.3_373	NC_000913.3_2172	1	0.3333333333333333
NC_000913.3_373	NC_000913.3_2174	1	0.3333333333333333
NC_000913.3_898	NC_000913.3_897	1	1.0
NC_000913.3_4004	NC_000913.3_4003	1	1.0
NC_000913.3_3954	NC_000913.3_554	1	0.5
NC_000913.3_3871	NC_000913.3_2102	1	0.05555555555555555
NC_000913.3_2019	NC_000913.3_1911	1	0.027777777777777776
NC_000913.3_2703	NC_000913.3_2702	1	1.0
NC_000913.3_2703	NC_000913.3_2102	1	0.05555555555555555
NC_000913.3_1980	NC_000913.3_1981	1	1.0
NC_000913.3_936	NC_000913.3_1326	1	0.5
NC_000913.3_152	NC_000913.3_153	1	1.0
NC_000913.3_3235	NC_000913.3_2348	1	0.5
NC_000913.3_2087	NC_000913.3_2633	1	0.25
NC_000913.3_2087	NC_000913.3_2088	1	0.5
NC_000913.3_3653	NC_000913.3_3654	1	1.0
NC_000913.3_2901	NC_000913.3_2320	1	0.25
NC_000913.3_2880	NC_000913.3_2879	1	1.0
NC_000913.3_1838	NC_000913.3_2098	1	0.25
NC_000913.3_1838	NC_000913.3_3314	1	0.25
NC_000913.3_1341	NC_000913.3_2566	1	0.3333333333333333
NC_000913.3_1341	NC_000913.3_1126	1	0.3333333333333333
NC_000913.3_2876	NC_000913.3_2877	1	1.0
NC_000913.3_1856	NC_000913.3_1857	1	0.5
NC_000913.3_180	NC_000913.3_179	1	1.0
NC_000913.3_1169	NC_000913.3_1170	1	1.0
NC_000913.3_1462	NC_000913.3_1463	1	1.0
NC_000913.3_1463	NC_000913.3_1464	1	1.0
NC_000913.3_3254	NC_000913.3_3253	1	1.0
NC_000913.3_3254	NC_000913.3_2200	1	0.3333333333333333
NC_000913.3_4012	NC_000913.3_4011	1	1.0
NC_000913.3_1491	NC_000913.3_1490	1	1.0
NC_000913.3_2920	NC_000913.3_3973	1	0.25
NC_000913.3_201	NC_000913.3_200	1	1.0
NC_000913.3_3920	NC_000913.3_3919	1	1.0
NC_000913.3_115	NC_000913.3_116	1	1.0
NC_000913.3_1724	NC_000913.3_1725	1	1.0
NC_000913.3_4096	NC_000913.3_4095	1	1.0
NC_000913.3_2065	NC_000913.3_4	1	0.5
NC_000913.3_2331	NC_000913.3_2330	1	1.0
NC_000913.3_2200	NC_000913.3_3256	1	0.3333333333333333
NC_000913.3_3997	NC_000913.3_3998	1	1.0
NC_000913.3_3786	NC_000913.3_3548	1	0.16666666666666666
NC_000913.3_4011	NC_000913.3_4010	1	1.0
NC_000913.3_45	NC_000913.3_44	1	0.25
NC_000913.3_1556	NC_000913.3_1557	1	1.0
NC_000913.3_1788	NC_000913.3_1911	1	0.05555555555555555
NC_000913.3_3940	NC_000913.3_3939	1	1.0
NC_000913.3_1017	NC_000913.3_1933	1	0.3333333333333333
NC_000913.3_2059	NC_000913.3_1636	1	0.2
NC_000913.3_2108	NC_000913.3_3432	1	0.3333333333333333
NC_000913.3_734	NC_000913.3_2292	1	0.2
NC_000913.3_734	NC_000913.3_735	1	1.0
NC_000913.3_2223	NC_000913.3_2840	1	0.125
NC_000913.3_2223	NC_000913.3_3031	1	0.125
NC_000913.3_3687	NC_000913.3_2877	1	0.3333333333333333
NC_000913.3_3687	NC_000913.3_2879	1	0.3333333333333333
NC_000913.3_4077	NC_000913.3_3999	1	0.5
NC_000913.3_3538	NC_000913.3_3539	1	0.5
NC_000913.3_1978	NC_000913.3_2164	1	0.125
NC_000913.3_2806	NC_000913.3_2797	1	0.015151515151515152
NC_000913.3_822	NC_000913.3_821	1	1.0
NC_000913.3_3225	NC_000913.3_864	1	0.5
NC_000913.3_1368	NC_000913.3_1367	1	0.5
NC_000913.3_1368	NC_000913.3_1369	1	0.5
NC_000913.3_3912	NC_000913.3_3911	1	1.0
NC_000913.3_811	NC_000913.3_810	1	1.0
NC_000913.3_261	NC_000913.3_2701	1	0.1
NC_000913.3_2912	NC_000913.3_2913	1	1.0
NC_000913.3_2671	NC_000913.3_2661	1	0.5
NC_000913.3_2604	NC_000913.3_1636	1	0.2
NC_000913.3_3512	NC_000913.3_3511	1	1.0
NC_000913.3_3512	NC_000913.3_1277	1	0.3333333333333333
NC_000913.3_44	NC_000913.3_2330	1	0.5
NC_000913.3_3405	NC_000913.3_3404	1	1.0
NC_000913.3_2466	NC_000913.3_2465	1	1.0
NC_000913.3_2097	NC_000913.3_2098	1	1.0
NC_000913.3_4314	NC_000913.3_4315	1	1.0
NC_000913.3_974	NC_000913.3_973	1	0.5
NC_000913.3_2662	NC_000913.3_2661	1	0.5
NC_000913.3_4037	NC_000913.3_3608	1	0.16666666666666666
NC_000913.3_2425	NC_000913.3_2599	1	0.125
NC_000913.3_2408	NC_000913.3_1773	1	0.013333333333333334
NC_000913.3_2657	NC_000913.3_2701	1	0.1
NC_000913.3_4315	NC_000913.3_4316	1	1.0
NC_000913.3_828	NC_000913.3_4218	1	1.0
NC_000913.3_254	NC_000913.3_168	1	0.5
NC_000913.3_911	NC_000913.3_912	1	1.0
NC_000913.3_1134	NC_000913.3_2006	1	0.5
NC_000913.3_833	NC_000913.3_2629	1	0.041666666666666664
NC_000913.3_1375	NC_000913.3_1376	1	1.0
NC_000913.3_1053	NC_000913.3_1911	1	0.05555555555555555
NC_000913.3_3619	NC_000913.3_3618	1	1.0
NC_000913.3_3306	NC_000913.3_327	1	0.07692307692307693
NC_000913.3_2155	NC_000913.3_3981	1	0.5
NC_000913.3_3142	NC_000913.3_3141	1	1.0
NC_000913.3_2447	NC_000913.3_1857	1	0.5
NC_000913.3_3608	NC_000913.3_3728	1	0.3333333333333333
NC_000913.3_1636	NC_000913.3_3764	1	0.2
NC_000913.3_960	NC_000913.3_961	1	1.0
NC_000913.3_3648	NC_000913.3_3647	1	1.0
NC_000913.3_3867	NC_000913.3_3381	1	0.3333333333333333
NC_000913.3_3867	NC_000913.3_3868	1	1.0
NC_000913.3_2373	NC_000913.3_140	1	1.0
NC_000913.3_3800	NC_000913.3_2102	1	0.05555555555555555
NC_000913.3_741	NC_000913.3_742	1	1.0
NC_000913.3_360	NC_000913.3_361	1	1.0
NC_000913.3_3910	NC_000913.3_3911	1	1.0
NC_000913.3_2102	NC_000913.3_2815	1	0.05555555555555555
NC_000913.3_2102	NC_000913.3_1644	1	0.018518518518518517
NC_000913.3_2102	NC_000913.3_3798	1	0.05555555555555555
NC_000913.3_2195	NC_000913.3_2194	1	1.0
NC_000913.3_1490	NC_000913.3_1489	1	1.0
NC_000913.3_3896	NC_000913.3_3897	1	1.0
NC_000913.3_80	NC_000913.3_81	1	1.0
NC_000913.3_562	NC_000913.3_563	1	1.0
NC_000913.3_2202	NC_000913.3_1773	1	0.06666666666666667
NC_000913.3_2017	NC_000913.3_1911	1	0.05555555555555555
NC_000913.3_3445	NC_000913.3_4017	1	0.25
NC_000913.3_1493	NC_000913.3_1484	1	1.0
NC_000913.3_3187	NC_000913.3_3188	1	1.0
NC_000913.3_1581	NC_000913.3_1582	1	1.0
NC_000913.3_653	NC_000913.3_2629	1	0.25
NC_000913.3_2089	NC_000913.3_2088	1	1.0
NC_000913.3_755	NC_000913.3_754	1	1.0
NC_000913.3_3153	NC_000913.3_1773	1	0.06666666666666667
NC_000913.3_1659	NC_000913.3_1658	1	1.0
NC_000913.3_1948	NC_000913.3_2797	1	0.030303030303030304
NC_000913.3_2146	NC_000913.3_2145	1	0.3333333333333333
NC_000913.3_1056	NC_000913.3_1055	1	1.0
NC_000913.3_3019	NC_000913.3_1327	1	0.5
NC_000913.3_4018	NC_000913.3_4017	1	0.25
NC_000913.3_2456	NC_000913.3_2457	1	0.2
NC_000913.3_2022	NC_000913.3_2021	1	1.0
NC_000913.3_2589	NC_000913.3_2457	1	0.2
NC_000913.3_2564	NC_000913.3_2563	1	1.0
NC_000913.3_1347	NC_000913.3_1523	1	1.0
NC_000913.3_1078	NC_000913.3_1077	1	1.0
NC_000913.3_1078	NC_000913.3_1079	1	1.0
NC_000913.3_3547	NC_000913.3_3548	1	0.3333333333333333
NC_000913.3_2706	NC_000913.3_2707	1	0.16666666666666666
NC_000913.3_1606	NC_000913.3_1605	1	1.0
NC_000913.3_2599	NC_000913.3_526	1	0.0625
NC_000913.3_2599	NC_000913.3_3609	1	0.125
NC_000913.3_1109	NC_000913.3_1110	1	1.0
NC_000913.3_3322	NC_000913.3_3321	1	1.0
NC_000913.3_548	NC_000913.3_1773	1	0.011111111111111112
NC_000913.3_2084	NC_000913.3_2083	1	1.0
NC_000913.3_2606	NC_000913.3_2471	1	0.5
NC_000913.3_3232	NC_000913.3_1773	1	0.06666666666666667
NC_000913.3_1751	NC_000913.3_3053	1	0.5
NC_000913.3_4281	NC_000913.3_4280	1	1.0
NC_000913.3_3962	NC_000913.3_3963	1	1.0
NC_000913.3_161	NC_000913.3_160	1	1.0
NC_000913.3_3813	NC_000913.3_3814	1	1.0
NC_000913.3_3465	NC_000913.3_2797	1	0.030303030303030304
NC_000913.3_1339	NC_000913.3_1338	1	1.0
NC_000913.3_2629	NC_000913.3_2292	1	0.05
NC_000913.3_2134	NC_000913.3_2141	1	0.125
NC_000913.3_2134	NC_000913.3_1604	1	0.125
NC_000913.3_3717	NC_000913.3_3716	1	1.0
NC_000913.3_3518	NC_000913.3_3336	1	0.5
NC_000913.3_3243	NC_000913.3_1919	1	0.25
NC_000913.3_4112	NC_000913.3_4113	1	1.0
NC_000913.3_2164	NC_000913.3_578	1	0.125
NC_000913.3_608	NC_000913.3_609	1	1.0
NC_000913.3_3756	NC_000913.3_3757	1	1.0
NC_000913.3_3989	NC_000913.3_3474	1	0.5
NC_000913.3_1527	NC_000913.3_4134	1	0.08333333333333333
NC_000913.3_3321	NC_000913.3_3320	1	1.0
NC_000913.3_2225	NC_000913.3_3484	1	0.5
NC_000913.3_1338	NC_000913.3_1337	1	1.0
NC_000913.3_1690	NC_000913.3_1691	1	1.0
NC_000913.3_2190	NC_000913.3_2189	1	1.0
NC_000913.3_2945	NC_000913.3_4269	1	0.2
NC_000913.3_1077	NC_000913.3_1076	1	1.0
NC_000913.3_1619	NC_000913.3_1079	1	0.5
NC_000913.3_720	NC_000913.3_721	1	1.0
NC_000913.3_2297	NC_000913.3_2296	1	0.5
NC_000913.3_3768	NC_000913.3_3769	1	1.0
NC_000913.3_980	NC_000913.3_1773	1	0.06666666666666667
NC_000913.3_326	NC_000913.3_327	1	0.07692307692307693
NC_000913.3_1105	NC_000913.3_1104	1	1.0
NC_000913.3_721	NC_000913.3_1919	1	0.25
NC_000913.3_1911	NC_000913.3_1064	1	0.05555555555555555
NC_000913.3_526	NC_000913.3_2797	1	0.015151515151515152
NC_000913.3_2419	NC_000913.3_2418	1	1.0
NC_000913.3_3999	NC_000913.3_3998	1	1.0
NC_000913.3_288	NC_000913.3_973	1	0.5
NC_000913.3_1604	NC_000913.3_1605	1	0.5
NC_000913.3_3591	NC_000913.3_3548	1	0.1111111111111111
NC_000913.3_1773	NC_000913.3_1282	1	0.06666666666666667
